"","edo_dto","cand.morena","alianza.prianrd","PAN.solo","PRI.solo","PRD.solo","PVEM.solo","PT.solo","MC","PES","RSP","FXM","CI","total.votos","lista.nominal","v.validos","alianza.morena","alianza.oposic","prop.morena","gana.morena","gana.prianrd","gana.pan","gana.pri","gana.mc","gana.pvem","alianzas","participacion","postula_reelec","cand.morena18","pan.y.aliados18","pri.y.aliados18","PAN.solo18","PRI.solo18","PRD.solo18","PVEM.solo18","PT.solo18","MC.solo18","NA.solo18","PES.solo18","total.votos18","lista.nominal18","v.validos18","alianza.morena18","alianza.pan18","alianza.pri18","prop.morena18","gana.morena18","gana.pri.y.aliados18","gana.pan.y.aliados18","gana.pri.solo18","gana.pan.solo18","d.morena","gana18","gana21","cambio.morena"
"1","1.1",48317,94438,0,0,0,11731,7696,6493,3184,2208,9231,0,190527,334776,183298,0,1,0.263598075265415,0,1,0,0,0,0,"Sólo VaXM",0.569117857910961,0,55521,63806,0,0,35351,0,8383,0,0,7436,0,178245,306488,170497,1,1,0,0.325642093409268,0,0,1,0,0,-0.0620440181438534,"Alianza PAN","VaXM","Opositor"
"2","1.2",46992,0,64670,10097,3629,0,0,6339,2433,1049,2872,0,143314,331813,138081,1,0,0.340321984921894,0,0,1,0,0,0,"Sólo JHH",0.431911950405801,1,62842,57797,0,0,31505,0,7016,0,0,5715,0,171308,304756,164875,1,1,0,0.381149355572403,1,0,0,0,0,-0.0408273706505096,"Morena","PAN","Pierde"
"3","1.3",44406,0,101758,12857,2692,0,0,7128,2243,975,3108,0,180246,350821,175167,1,0,0.253506653650516,0,0,1,0,0,0,"Sólo JHH",0.513783382408693,0,60184,86450,0,0,37746,0,8957,0,0,5406,0,206948,332204,198743,1,1,0,0.3028232440891,0,0,1,0,0,-0.0493165904385836,"Alianza PAN","PAN","Opositor"
"4","10.1",56024,73452,0,0,0,0,0,4968,2318,3203,1952,0,146266,333512,141917,1,1,0.394765954748198,0,1,0,0,0,0,"Ambas",0.438562930269376,1,59343,50476,0,0,45099,0,9800,0,0,4098,0,175872,315480,168816,1,1,0,0.351524736991754,1,0,0,0,0,0.0432412177564435,"Morena","VaXM","Pierde"
"5","10.2",72663,54716,0,0,0,0,0,3915,2142,784,1502,0,138981,334571,135722,1,1,0.535381146755869,1,0,0,0,0,0,"Ambas",0.415400617507196,0,84268,52102,0,0,36451,0,4498,0,0,3510,0,186476,322807,180829,1,1,0,0.46600932372573,1,0,0,0,0,0.0693718230301387,"Morena","Morena","Retiene"
"6","10.3",67836,62743,0,0,0,0,0,5204,2322,3608,1724,0,147374,321326,143437,1,1,0.472932367520235,1,0,0,0,0,0,"Ambas",0.458643247045057,1,70436,49186,0,0,40508,0,9138,0,0,3158,0,179437,311975,172426,1,1,0,0.408499878208623,1,0,0,0,0,0.0644324893116126,"Morena","Morena","Retiene"
"7","10.4",41786,59596,0,0,0,0,0,15375,2982,14110,3338,0,141340,343405,137187,1,1,0.304591542930453,0,1,0,0,0,0,"Ambas",0.411583989749712,0,64473,64237,0,0,40117,0,8508,0,0,7243,0,190376,329417,184578,1,1,0,0.349299483145337,1,0,0,0,0,-0.0447079402148843,"Morena","VaXM","Pierde"
"8","11.1",23911,0,43911,30284,6625,6913,3077,2262,4582,2960,5606,0,137140,279598,130131,0,0,0.183745610192806,0,0,1,0,0,0,"Sin coals.",0.490489917667508,0,33160,56278,0,0,29315,0,12750,0,0,4953,0,145720,263698,136456,1,1,0,0.243008735416545,0,0,1,0,0,-0.0592631252237388,"Alianza PAN","PAN","Opositor"
"9","11.10",41064,0,39487,21201,5445,14023,1911,12324,3743,2640,1517,0,148007,329915,143355,0,0,0.286449722716334,1,0,0,0,0,0,"Sin coals.",0.448621614658321,1,41300,75652,0,0,27519,0,17503,0,0,6196,0,175959,321373,168170,1,1,0,0.245584824879586,0,0,1,0,0,0.0408648978367474,"Alianza PAN","Morena","Obtiene"
"10","11.11",29026,0,66851,9615,1293,4368,956,3792,1100,726,1231,0,121629,281244,118958,0,0,0.244002084769414,0,0,1,0,0,0,"Sin coals.",0.432467892648376,1,29448,74922,0,0,16280,0,12243,0,0,3536,0,141522,266144,136429,1,1,0,0.215848536601456,0,0,1,0,0,0.0281535481679587,"Alianza PAN","PAN","Opositor"
"11","11.12",44108,0,56265,14286,2336,5841,4550,5574,2051,1174,2038,0,142003,330818,138223,0,0,0.319107529137698,0,0,1,0,0,0,"Sin coals.",0.429248106209457,1,50069,61888,0,0,17721,0,10924,0,0,3828,0,169669,NA,144430,1,1,0,0.346666205082047,0,0,1,0,0,-0.0275586759443489,"Alianza PAN","PAN","Opositor"
"12","11.13",47998,0,46290,24483,2814,0,0,7037,2159,8939,3317,0,147746,316814,143037,1,0,0.335563525521369,1,0,0,0,0,0,"Sólo JHH",0.466349340622573,1,42137,61980,0,0,30089,0,12739,0,0,8602,0,163569,306715,155547,1,1,0,0.270895613544459,0,0,1,0,0,0.0646679119769094,"Alianza PAN","Morena","Obtiene"
"13","11.14",30445,0,42847,20434,3462,9823,3497,7969,4913,2124,2529,0,133710,312677,128043,0,0,0.237771686074209,0,0,1,0,0,0,"Sin coals.",0.427629790486668,0,43337,56524,0,0,25043,0,16404,0,0,3705,0,153518,304179,145013,1,1,0,0.298849068704185,0,0,1,0,0,-0.0610773826299757,"Alianza PAN","PAN","Opositor"
"14","11.15",37419,0,48051,10831,1601,2730,1095,4503,1160,1142,1184,0,112872,282134,109716,0,0,0.341053264792738,0,0,1,0,0,0,"Sin coals.",0.400065217237199,0,45120,50982,0,0,23351,0,7354,0,0,3369,0,135970,269317,130176,1,1,0,0.346607669616519,0,0,1,0,0,-0.00555440482378156,"Alianza PAN","PAN","Opositor"
"15","11.2",31691,0,42933,21391,3378,6304,7540,6433,4374,1568,4315,0,134981,320317,129927,0,0,0.243913890107522,0,0,1,0,0,0,"Sin coals.",0.421398177430483,1,47555,60816,0,0,15641,0,11028,0,0,6731,0,150134,299491,141771,1,1,0,0.335435314697646,0,0,1,0,0,-0.0915214245901243,"Alianza PAN","PAN","Opositor"
"16","11.3",25927,0,99667,10498,1114,4890,872,5197,1005,590,953,0,153488,299534,150713,0,0,0.172028955697252,0,0,1,0,0,0,"Sin coals.",0.512422629818318,0,29530,97574,0,0,15541,0,13306,0,0,3556,0,165414,281185,159507,1,1,0,0.185132940874068,0,0,1,0,0,-0.0131039851768158,"Alianza PAN","PAN","Opositor"
"17","11.4",18197,0,55770,12186,1878,17240,3115,4013,1406,5519,2502,0,126298,279500,121826,0,0,0.149368771854941,0,0,1,0,0,0,"Sin coals.",0.451871198568873,1,23680,64883,0,0,21814,0,13177,0,0,5896,0,135778,263508,129450,1,1,0,0.182927771340286,0,0,1,0,0,-0.0335589994853452,"Alianza PAN","PAN","Opositor"
"18","11.5",29142,0,72977,11045,994,4831,1033,4114,1455,574,1310,0,130445,299263,127475,0,0,0.228609531280643,0,0,1,0,0,0,"Sin coals.",0.435887496950843,1,29058,85313,0,0,17167,0,12471,0,0,3350,0,152916,286821,147359,1,1,0,0.197191891910233,0,0,1,0,0,0.0314176393704104,"Alianza PAN","PAN","Opositor"
"19","11.6",30050,0,79939,10103,1039,4744,946,4169,1075,599,1016,0,136566,304633,133680,0,0,0.224790544584081,0,0,1,0,0,0,"Sin coals.",0.44829680303841,0,30215,81326,0,0,16566,0,12768,0,0,3432,0,149903,280288,144307,1,1,0,0.209380002356088,0,0,1,0,0,0.0154105422279933,"Alianza PAN","PAN","Opositor"
"20","11.7",22745,0,58653,26453,1531,8245,996,4603,871,369,563,0,128305,315900,125029,0,0,0.181917795071543,0,0,1,0,0,0,"Sin coals.",0.406157011712567,1,27712,68313,0,0,35536,0,12137,0,0,2558,0,152340,300057,146256,1,1,0,0.189475987309922,0,0,1,0,0,-0.00755819223837892,"Alianza PAN","PAN","Opositor"
"21","11.8",50531,64870,0,0,0,7741,5032,12253,2135,4295,4229,0,155894,331523,151086,0,1,0.334451901565996,0,1,0,0,0,0,"Sólo VaXM",0.470235850906272,1,63749,65983,0,0,20144,0,11675,0,0,10162,0,179069,318874,171713,1,1,0,0.371253195739402,0,0,1,0,0,-0.0368012941734068,"Alianza PAN","VaXM","Opositor"
"22","11.9",34454,0,50875,14355,1291,4331,1160,3850,1567,1171,1666,0,117732,299986,114720,0,0,0.300331241283124,0,0,1,0,0,0,"Sin coals.",0.392458314721354,0,37647,57914,0,0,22093,0,9454,0,0,3009,0,135354,280355,130117,1,1,0,0.289331908974231,0,0,1,0,0,0.0109993323088932,"Alianza PAN","PAN","Opositor"
"23","12.1",65656,77331,0,0,0,0,0,5106,1139,860,915,0,155767,261484,151007,1,1,0.434787791294443,0,1,0,0,0,0,"Ambas",0.595703752428447,1,64691,50513,44408,0,0,0,0,0,0,0,0,168171,262304,159612,1,1,1,0.405301606395509,1,0,0,0,0,0.0294861848989342,"Morena","VaXM","Pierde"
"24","12.2",53567,0,16269,37118,21331,7125,5900,3967,2973,3020,8834,0,166948,296540,160104,0,0,0.334576275420976,1,0,0,0,0,0,"Sin coals.",0.562986443650098,1,81572,43203,51223,0,0,0,0,0,0,0,0,185666,290940,175998,1,1,1,0.463482539574313,1,0,0,0,0,-0.128906264153337,"Morena","Morena","Retiene"
"25","12.3",90666,76859,0,0,0,0,0,3218,4934,2302,1221,0,184568,319427,179200,1,1,0.505948660714286,1,0,0,0,0,0,"Ambas",0.577809640387319,0,98401,38033,49506,0,0,0,0,0,0,0,0,198585,315688,185940,1,1,1,0.529208346778531,1,0,0,0,0,-0.023259686064245,"Morena","Morena","Retiene"
"26","12.4",82749,45201,0,0,0,2291,1622,9354,2522,1396,3124,0,153505,299066,148259,0,1,0.558138123149354,1,0,0,0,0,0,"Sólo VaXM",0.513281349267386,0,115710,25431,29893,0,0,0,0,0,0,0,0,181164,301653,171034,1,1,1,0.67653215150204,1,0,0,0,0,-0.118394028352687,"Morena","Morena","Retiene"
"27","12.5",93858,58141,0,0,0,0,0,9331,5279,1848,1264,0,182071,276233,169721,1,1,0.553013475056122,1,0,0,0,0,0,"Ambas",0.659121104285151,0,99109,24371,40889,0,0,0,0,0,0,0,0,179491,NA,164369,1,1,1,0.602966496115448,1,0,0,0,0,-0.0499530210593261,"Morena","Morena","Retiene"
"28","12.6",59840,99449,0,0,0,0,0,3751,2243,2128,823,0,175475,282383,168234,1,1,0.355695043808029,0,1,0,0,0,0,"Ambas",0.621407804294168,0,57022,67784,43271,0,0,0,0,0,0,0,0,181332,271322,168077,1,1,1,0.33926117196285,0,0,1,0,0,0.0164338718451789,"Alianza PAN","VaXM","Opositor"
"29","12.7",77700,65599,0,0,0,0,0,2480,1886,1656,1727,0,156249,278619,151048,1,1,0.514406016630475,1,0,0,0,0,0,"Ambas",0.560798079097262,1,93714,22774,47800,0,0,0,0,0,0,0,0,171031,268406,164288,1,1,1,0.570425107128944,1,0,0,0,0,-0.0560190904984693,"Morena","Morena","Retiene"
"30","12.8",86113,63830,0,0,0,0,0,2824,4033,1359,1974,0,167346,259805,160133,1,1,0.537759237633717,1,0,0,0,0,0,"Ambas",0.644121552702989,0,73219,45062,48514,0,0,0,0,0,0,0,0,177533,253789,166795,1,1,1,0.438975988488864,1,0,0,0,0,0.0987832491448534,"Morena","Morena","Retiene"
"31","12.9",68008,53544,0,0,0,2607,2155,3154,2595,1445,1951,0,140356,289510,135459,0,1,0.502055972655933,1,0,0,0,0,0,"Sólo VaXM",0.484805360782011,1,94798,23616,37115,0,0,0,0,0,0,0,0,162237,281298,155529,1,1,1,0.60951976801754,1,0,0,0,0,-0.107463795361607,"Morena","Morena","Retiene"
"32","13.1",65830,67936,0,0,0,0,0,2227,15150,3366,2013,0,163297,290286,156522,1,1,0.420579854589131,0,1,0,0,0,0,"Ambas",0.562538324273303,1,99022,24212,58680,0,0,0,0,6534,0,0,22015,195918,277579,210463,0,1,1,0.470496001672503,1,0,0,0,0,-0.0499161470833718,"Morena","VaXM","Pierde"
"33","13.2",75014,53546,0,0,0,0,0,2111,3250,3404,2849,0,146277,307644,140174,1,1,0.53514917174369,1,0,0,0,0,0,"Ambas",0.475474899559231,0,107167,32018,40833,0,0,0,0,18732,0,0,3065,193411,296184,201815,0,1,1,0.531016029531997,1,0,0,0,0,0.00413314221169292,"Morena","Morena","Retiene"
"34","13.3",63946,54782,0,0,0,3546,2717,2319,2455,1932,2419,0,139630,312237,134116,0,1,0.4767962062692,1,0,0,0,0,0,"Sólo VaXM",0.447192357087725,1,111788,21854,54560,0,0,0,0,9127,0,0,4576,196920,299353,201905,0,1,1,0.55366632822367,1,0,0,0,0,-0.0768701219544698,"Morena","Morena","Retiene"
"35","13.4",60331,49745,0,0,0,0,0,3771,2340,2033,3132,0,126361,309706,121352,1,1,0.497157030786472,1,0,0,0,0,0,"Ambas",0.408003073882973,1,95603,23711,48034,0,0,0,0,9495,0,0,4236,175996,294332,181079,0,1,1,0.527962933305353,1,0,0,0,0,-0.0308059025188805,"Morena","Morena","Retiene"
"36","13.5",81644,58353,0,0,0,0,0,4202,2109,3130,3315,0,157798,335582,152753,1,1,0.534483774459421,1,0,0,0,0,0,"Ambas",0.470221883176094,0,114449,31656,53921,0,0,0,0,6560,0,0,4463,208435,318381,211049,0,1,1,0.542286388469029,1,0,0,0,0,-0.00780261400960713,"Morena","Morena","Retiene"
"37","13.6",82018,72429,0,0,0,0,0,5366,2137,1688,3639,0,171967,371681,167277,1,1,0.490312475713936,1,0,0,0,0,0,"Ambas",0.462673636801451,1,125373,36810,54944,0,0,0,0,5780,0,0,8094,225755,NA,231001,0,1,1,0.542737910225497,1,0,0,0,0,-0.0524254345115613,"Morena","Morena","Retiene"
"38","13.7",65984,57216,0,0,0,2555,2090,2843,1696,2543,2463,0,141821,312780,137390,0,1,0.480267850644152,1,0,0,0,0,0,"Sólo VaXM",0.453420934842381,0,104215,26959,52008,0,0,0,0,5447,0,0,5581,190782,286023,194210,0,1,1,0.536609855311261,1,0,0,0,0,-0.0563420046671094,"Morena","Morena","Retiene"
"39","14.1",42856,69303,0,0,0,0,0,47463,3242,1089,2474,0,170649,281066,166427,1,1,0.257506294050845,0,1,0,0,0,0,"Ambas",0.607149210505718,0,46974,72721,0,0,32179,0,7924,0,0,6067,0,172977,269226,165865,1,1,0,0.283206221927471,0,0,1,0,0,-0.025699927876626,"Alianza PAN","VaXM","Opositor"
"40","14.10",26670,55830,0,0,0,0,0,70358,1891,874,2024,0,160690,307218,157647,1,1,0.169175436259491,0,0,0,0,1,0,"Ambas",0.523048779693898,0,36806,70592,0,0,15510,0,4473,0,0,2455,0,182759,294222,129836,1,1,0,0.283480698727626,0,0,1,0,0,-0.114305262468134,"Alianza PAN","MC","Opositor"
"41","14.11",48095,36924,0,0,0,0,0,45841,5351,1214,4068,0,145558,313346,141493,1,1,0.339910808308538,1,0,0,0,0,0,"Ambas",0.464528029717948,0,65271,81651,0,0,25375,0,7677,0,0,4430,0,191045,312174,184404,1,1,0,0.35395653022711,0,0,1,0,0,-0.0140457219185718,"Alianza PAN","Morena","Obtiene"
"42","14.12",46583,33672,0,0,0,0,0,52851,4471,1370,2204,0,144418,386496,141151,1,1,0.330022458218504,0,0,0,0,1,0,"Ambas",0.373659753270409,0,60621,88092,0,0,12663,0,6022,0,0,3062,0,175472,331697,170460,1,1,0,0.355631819781767,0,0,1,0,0,-0.0256093615632634,"Alianza PAN","MC","Opositor"
"43","14.13",35284,42684,0,0,0,0,0,47544,2835,1336,2537,0,135250,295904,132220,1,1,0.266858266525488,0,0,0,0,1,0,"Ambas",0.457073915864605,0,43715,59192,0,0,18046,0,4812,0,0,2038,0,170058,284222,127803,1,1,0,0.342049873633639,0,0,1,0,0,-0.0751916071081514,"Alianza PAN","MC","Opositor"
"44","14.14",45965,44005,0,0,0,0,0,51669,3465,1145,3775,0,154325,315635,150024,1,1,0.306384311843438,0,0,0,0,1,0,"Ambas",0.488935004039476,0,65779,90344,0,0,21699,0,8421,0,0,4986,0,198237,315005,191229,1,1,0,0.343980254040967,0,0,1,0,0,-0.0375959421975282,"Alianza PAN","MC","Opositor"
"45","14.15",44136,52549,0,0,0,0,0,44958,5563,6793,4233,0,162383,326502,158232,1,1,0.278932200819051,0,1,0,0,0,0,"Ambas",0.497341517050432,0,56846,59774,0,0,33182,0,13193,0,0,8584,0,179229,311602,171579,1,1,0,0.331310941315662,0,0,1,0,0,-0.0523787404966117,"Alianza PAN","VaXM","Opositor"
"46","14.16",44491,36217,0,0,0,0,0,31041,4799,1894,2362,0,124070,309534,120804,1,1,0.368290785073342,1,0,0,0,0,0,"Ambas",0.400828341959203,1,58828,55359,0,0,25774,0,6786,0,0,3162,0,163270,297100,149909,1,1,0,0.392424737674189,1,0,0,0,0,-0.0241339526008471,"Morena","Morena","Retiene"
"47","14.17",53410,43069,0,0,0,0,0,45730,5622,807,6657,0,159302,275878,155295,1,1,0.343926076177597,1,0,0,0,0,0,"Ambas",0.577436403047724,1,43932,61035,0,0,30873,0,14066,0,0,4790,0,161165,260155,154696,1,1,0,0.283989243419352,0,0,1,0,0,0.059936832758246,"Alianza PAN","Morena","Obtiene"
"48","14.18",44831,64082,0,0,0,0,0,48405,2604,714,3433,0,169246,296311,164069,1,1,0.27324479334914,0,1,0,0,0,0,"Ambas",0.571176905346072,0,47312,74644,0,0,38499,0,6548,0,0,5221,0,179982,285551,172224,1,1,0,0.274712002972873,0,0,1,0,0,-0.00146720962373281,"Alianza PAN","VaXM","Opositor"
"49","14.19",56202,46436,0,0,0,0,0,52788,3207,1520,7290,0,172591,309934,167443,1,1,0.335648549058486,1,0,0,0,0,0,"Ambas",0.556863719372512,0,55519,77148,0,0,30219,0,10797,0,0,7490,0,188657,297454,181173,1,1,0,0.306441909114493,0,0,1,0,0,0.0292066399439928,"Alianza PAN","Morena","Obtiene"
"50","14.2",19621,56450,0,0,0,7986,887,49948,3404,1896,1900,0,145701,271892,142092,0,1,0.138086591785604,0,1,0,0,0,0,"Sólo VaXM",0.53587821635061,1,25445,84943,0,0,23821,0,9504,0,0,4503,0,154489,258838,148216,1,1,0,0.17167512279376,0,0,1,0,0,-0.0335885310081568,"Alianza PAN","VaXM","Opositor"
"51","14.20",39193,42336,0,0,0,0,0,36422,3701,1288,2850,0,129233,309352,125790,1,1,0.311574846967168,0,1,0,0,0,0,"Ambas",0.41775388554139,0,44112,63733,0,0,22967,0,7484,0,0,2833,0,146508,276475,141129,1,1,0,0.31256510001488,0,0,1,0,0,-0.000990253047712497,"Alianza PAN","VaXM","Opositor"
"52","14.3",18916,88140,0,0,0,5786,1367,40436,4453,601,6794,0,171746,348465,166493,0,1,0.11361438619041,0,1,0,0,0,0,"Sólo VaXM",0.49286441966912,0,28360,100170,0,0,32381,0,10540,0,0,5819,0,186530,328995,177270,1,1,0,0.159981948440232,0,0,1,0,0,-0.046367562249822,"Alianza PAN","VaXM","Opositor"
"53","14.4",38538,35559,0,0,0,0,0,45656,3249,1134,2863,0,130374,301242,126999,1,1,0.303451208277231,0,0,0,0,1,0,"Ambas",0.432788256617603,0,54902,65852,0,0,25321,0,7307,0,0,4439,0,163391,288644,157821,1,1,0,0.347875124349738,0,0,1,0,0,-0.0444239160725075,"Alianza PAN","MC","Opositor"
"54","14.5",71921,20946,0,0,0,0,0,40968,2988,1663,1452,0,143531,300977,139938,1,1,0.513949034572454,1,0,0,0,0,0,"Ambas",0.476883615691564,0,57630,47979,0,0,35412,0,7243,0,0,2449,0,156900,282715,150713,1,1,0,0.38238240894946,1,0,0,0,0,0.131566625622993,"Morena","Morena","Retiene"
"55","14.6",38765,44151,0,0,0,0,0,63036,3152,1018,3011,0,156684,352889,153133,1,1,0.25314595808872,0,0,0,0,1,0,"Ambas",0.444003638537897,0,55886,84688,0,0,22014,0,7271,0,0,3920,0,179602,317604,173779,1,1,0,0.32159236731711,0,0,1,0,0,-0.0684464092283894,"Alianza PAN","MC","Opositor"
"56","14.7",38056,32839,0,0,0,0,0,22195,3234,1209,2796,0,103378,267588,100329,1,1,0.379312063311704,1,0,0,0,0,0,"Ambas",0.386332720450842,0,49739,50931,0,0,20889,0,6122,0,0,4218,0,136112,253691,131899,1,1,0,0.377099144042032,0,0,1,0,0,0.00221291926967232,"Alianza PAN","Morena","Obtiene"
"57","14.8",39077,62354,0,0,0,0,0,72639,2652,968,4133,0,186114,326458,181823,1,1,0.214917804678176,0,0,0,0,1,0,"Ambas",0.570100901187902,0,49598,78213,0,0,23788,0,5526,0,0,2965,0,218774,326903,160090,1,1,0,0.309813230058092,0,0,1,0,0,-0.0948954253799163,"Alianza PAN","MC","Opositor"
"58","14.9",45546,30607,0,0,0,0,0,40058,3041,1053,3353,4097,131819,308161,127755,1,1,0.356510508394975,1,0,0,0,0,0,"Ambas",0.427760164329685,1,64501,68475,0,0,24056,0,7852,0,0,4751,0,176263,304686,169635,1,1,0,0.380234031892003,0,0,1,0,0,-0.0237235234970287,"Alianza PAN","Morena","Obtiene"
"59","15.1",92818,99439,0,0,0,0,0,7198,4980,5441,5729,0,221235,321012,215605,1,1,0.43050022031029,0,1,0,0,0,0,"Ambas",0.689179843744159,0,79306,49522,87316,0,0,0,0,0,0,0,0,224660,300993,216144,1,1,1,0.366912798874824,0,1,0,0,0,0.0635874214354655,"Alianza PRI","VaXM","Opositor"
"60","15.10",56439,0,10568,31548,8398,3037,1635,3102,1789,1106,2668,0,124488,267583,120290,0,0,0.46919112145648,1,0,0,0,0,0,"Sin coals.",0.465231348777762,1,94201,31224,37962,0,0,0,0,0,0,0,0,167588,261716,163387,1,1,1,0.576551378016611,1,0,0,0,0,-0.107360256560131,"Morena","Morena","Retiene"
"61","15.11",57216,0,11296,38560,6291,4494,1898,3472,1844,1570,2786,0,134049,285421,129427,0,0,0.442071592480703,1,0,0,0,0,0,"Sin coals.",0.469653599419804,1,99320,34175,43675,0,0,0,0,0,0,0,0,182461,279818,177170,1,1,1,0.560591522266749,1,0,0,0,0,-0.118519929786046,"Morena","Morena","Retiene"
"62","15.12",61966,0,6624,45281,2010,0,0,4285,1774,1168,5875,0,132870,272186,128983,1,0,0.480419900296938,1,0,0,0,0,0,"Sólo JHH",0.488158832563027,0,83060,22776,58519,0,0,0,0,0,0,0,0,169090,259083,164355,1,1,1,0.505369474612881,1,0,0,0,0,-0.0249495743159422,"Morena","Morena","Retiene"
"63","15.13",59877,0,13127,36401,5502,3998,1795,3776,1877,946,2367,0,134450,266188,129666,0,0,0.461778723798066,1,0,0,0,0,0,"Sin coals.",0.505094143988459,0,98875,31691,43990,0,0,0,0,0,0,0,0,179652,267296,174556,1,1,1,0.56643713192328,1,0,0,0,0,-0.104658408125214,"Morena","Morena","Retiene"
"64","15.14",63815,86439,0,0,0,0,0,5492,2225,1341,3116,0,166211,304518,162428,1,1,0.392881769153102,0,1,0,0,0,0,"Ambas",0.54581666765183,1,96015,63281,42734,0,0,0,0,0,0,0,0,207331,299633,202030,1,1,1,0.475251200316785,1,0,0,0,0,-0.0823694311636829,"Morena","VaXM","Pierde"
"65","15.15",60379,86529,0,0,0,0,0,4850,2357,1552,3995,0,163414,309891,159662,1,1,0.378167629116509,0,1,0,0,0,0,"Ambas",0.52732735058456,0,90211,59567,45767,0,0,0,0,0,0,0,0,200891,298643,195545,1,1,1,0.461331151397377,1,0,0,0,0,-0.0831635222808679,"Morena","VaXM","Pierde"
"66","15.16",67126,0,12809,37634,3659,0,0,3167,2249,921,2206,0,134187,293963,129771,1,0,0.517265028396175,1,0,0,0,0,0,"Sólo JHH",0.456475814983518,0,102086,30410,43752,0,0,0,0,0,0,0,0,181343,287922,176248,1,1,1,0.57921792020335,1,0,0,0,0,-0.061952891807175,"Morena","Morena","Retiene"
"67","15.17",54189,0,11337,35272,3984,3294,2757,3468,1992,1108,2172,0,123888,253275,119573,0,0,0.453187592516705,1,0,0,0,0,0,"Sin coals.",0.489144210838022,1,95995,27744,39351,0,0,0,0,0,0,0,0,167807,252315,163090,1,1,1,0.588601385737936,1,0,0,0,0,-0.135413793221231,"Morena","Morena","Retiene"
"68","15.18",49466,0,76587,47566,7214,4646,2900,6036,2819,1251,4593,0,208419,325934,203078,0,0,0.243581284038645,0,0,1,0,0,0,"Sin coals.",0.639451545404898,0,76322,77565,59235,0,0,0,0,0,0,0,0,219247,302044,213122,1,1,1,0.358114131811826,0,0,1,0,0,-0.114532847773181,"Alianza PAN","PAN","Opositor"
"69","15.19",63486,89683,0,0,0,4615,2173,5094,1912,1208,3518,0,176424,315468,171689,0,1,0.369773252800121,0,1,0,0,0,0,"Sólo VaXM",0.559245311727338,1,104390,57323,50313,0,0,0,0,0,0,0,0,218024,316670,212026,1,1,1,0.492345278409252,1,0,0,0,0,-0.122572025609131,"Morena","VaXM","Pierde"
"70","15.2",70645,47993,0,0,0,0,0,7701,3780,3989,3618,0,141482,290517,137726,1,1,0.51293873342724,1,0,0,0,0,0,"Ambas",0.487000760712798,1,98358,42972,37864,0,0,0,0,0,0,0,0,184144,274287,179194,1,1,1,0.548891145908903,1,0,0,0,0,-0.0359524124816636,"Morena","Morena","Retiene"
"71","15.20",60062,47184,0,0,0,2952,1846,28967,1694,832,1759,0,149630,283370,145296,0,1,0.413376830745513,1,0,0,0,0,0,"Sólo VaXM",0.528037548082013,1,94607,54153,34183,0,0,0,0,0,0,0,0,188254,278996,182943,1,1,1,0.517139218226442,1,0,0,0,0,-0.10376238748093,"Morena","Morena","Retiene"
"72","15.21",57669,0,8480,42822,6957,13288,1982,11075,5397,3879,6543,0,163302,272352,158092,0,0,0.364781266604256,1,0,0,0,0,0,"Sin coals.",0.599599048290448,1,92505,27141,51870,0,0,0,0,0,0,0,0,177592,255898,171516,1,1,1,0.539337437906668,1,0,0,0,0,-0.174556171302412,"Morena","Morena","Retiene"
"73","15.22",50568,0,76344,35249,2483,3860,3782,7664,3056,2368,2858,0,194732,358146,188232,0,0,0.268647201326023,0,0,1,0,0,0,"Sin coals.",0.543722392543823,0,93508,86019,50772,0,0,0,0,0,0,0,0,236560,349805,230299,1,1,1,0.406028684449346,1,0,0,0,0,-0.137381483123323,"Morena","PAN","Pierde"
"74","15.23",63760,0,16546,62636,4778,16501,5676,3029,6304,3032,5182,0,193378,312635,187444,0,0,0.340154926271313,1,0,0,0,0,0,"Sin coals.",0.618542389687655,0,97221,41747,66268,0,0,0,0,0,0,0,0,212080,291886,205236,1,1,1,0.473703443840262,1,0,0,0,0,-0.133548517568949,"Morena","Morena","Retiene"
"75","15.24",65883,66925,0,0,0,0,0,8582,5252,1505,2963,0,155750,340407,151110,1,1,0.43599364701211,0,1,0,0,0,0,"Ambas",0.457540532362731,1,101571,55022,44463,0,0,0,0,0,0,0,0,206791,336672,201056,1,1,1,0.50518760942225,1,0,0,0,0,-0.0691939624101401,"Morena","VaXM","Pierde"
"76","15.25",57495,0,3212,44873,1632,2170,1988,2028,1430,714,1574,0,120737,264210,117116,0,0,0.490923528809044,1,0,0,0,0,0,"Sin coals.",0.456973619469361,0,75944,19859,53726,0,0,0,0,0,0,0,0,153493,251806,149529,1,1,1,0.50788810197353,1,0,0,0,0,-0.0169645731644861,"Morena","Morena","Retiene"
"77","15.26",75003,79733,0,0,0,0,0,4537,5195,2264,3554,0,174997,332957,170286,1,1,0.440453120045101,0,1,0,0,0,0,"Ambas",0.525584384770406,1,98944,56238,58228,0,0,0,0,0,0,0,0,219828,310407,213410,1,1,1,0.463633381753432,1,0,0,0,0,-0.0231802617083318,"Morena","VaXM","Pierde"
"78","15.27",71370,106628,0,0,0,0,0,12855,5107,4404,6593,0,211606,334262,206957,1,1,0.344854245084728,0,1,0,0,0,0,"Ambas",0.633054310690417,1,101505,59409,64199,0,0,0,0,0,0,0,0,231423,315076,225113,1,1,1,0.45090687787911,1,0,0,0,0,-0.106052632794382,"Morena","VaXM","Pierde"
"79","15.28",58748,0,33114,32292,11226,12665,2880,3723,2091,2122,12268,0,176811,347434,171129,0,0,0.343296577435736,1,0,0,0,0,0,"Sin coals.",0.508905288486446,1,93866,39553,57727,0,0,0,0,0,0,0,0,197446,314021,191146,1,1,1,0.491069653563245,1,0,0,0,0,-0.147773076127509,"Morena","Morena","Retiene"
"80","15.29",64134,46278,0,0,0,2684,2395,30974,2471,1013,3356,0,158186,297267,153305,0,1,0.418342519813444,1,0,0,0,0,0,"Sólo VaXM",0.532134411152264,1,96233,58369,35905,0,0,0,0,0,0,0,0,195951,296172,190507,1,1,1,0.505141543355362,1,0,0,0,0,-0.0867990235419185,"Morena","Morena","Retiene"
"81","15.3",79079,86571,0,0,0,0,0,16369,8067,2940,8415,0,206907,325312,201441,1,1,0.39256655794997,0,1,0,0,0,0,"Ambas",0.636026337792642,1,98791,43434,68655,0,0,0,0,0,0,0,0,218454,306320,210880,1,1,1,0.468470220030349,1,0,0,0,0,-0.0759036620803785,"Morena","VaXM","Pierde"
"82","15.30",59962,0,4178,52278,2925,0,0,1955,2745,1021,3623,0,132346,285102,128687,1,0,0.465952271791245,1,0,0,0,0,0,"Sólo JHH",0.46420579301443,1,76680,17770,60399,0,0,0,0,0,0,0,0,159093,263181,154849,1,1,1,0.495192090358995,1,0,0,0,0,-0.0292398185677495,"Morena","Morena","Retiene"
"83","15.31",63124,37671,0,0,0,2869,2348,31868,2257,903,2187,0,147942,290544,143227,0,1,0.440726957905981,1,0,0,0,0,0,"Sólo VaXM",0.509189658020816,1,90684,57792,33905,0,0,0,0,0,0,0,0,188005,290097,182381,1,1,1,0.497222846678108,1,0,0,0,0,-0.0564958887721265,"Morena","Morena","Retiene"
"84","15.32",74717,44028,0,0,0,0,0,4504,2118,2013,2831,0,135077,271794,130211,1,1,0.573814808272727,1,0,0,0,0,0,"Ambas",0.496983009190784,1,89359,40184,30554,0,0,0,0,0,0,0,0,166029,262331,160097,1,1,1,0.558155368307963,1,0,0,0,0,0.0156594399647633,"Morena","Morena","Retiene"
"85","15.33",58650,46251,0,0,0,7452,2925,6588,2449,2216,2650,0,133895,283478,129181,0,1,0.454014135205642,1,0,0,0,0,0,"Sólo VaXM",0.472329422389039,1,93209,31951,35535,0,0,0,0,0,0,0,0,165992,260453,160695,1,1,1,0.580036715516973,1,0,0,0,0,-0.126022580311331,"Morena","Morena","Retiene"
"86","15.34",74309,97337,0,0,0,0,0,5300,4020,2652,4389,0,192754,339824,188007,1,1,0.395245921694405,0,1,0,0,0,0,"Ambas",0.567217147699986,0,107482,65143,57226,0,0,0,0,0,0,0,0,235728,327921,229851,1,1,1,0.467615977307038,1,0,0,0,0,-0.072370055612633,"Morena","VaXM","Pierde"
"87","15.35",76422,66148,0,0,0,0,0,13261,6979,3385,5756,0,177526,300912,171951,1,1,0.444440567370937,1,0,0,0,0,0,"Ambas",0.589959855372999,1,86970,47109,55179,0,0,0,0,0,0,0,0,197178,284511,189258,1,1,1,0.459531433281552,1,0,0,0,0,-0.0150908659106151,"Morena","Morena","Retiene"
"88","15.36",67698,97277,0,0,0,13659,3261,4114,4276,2880,4371,0,204228,310693,197536,0,1,0.342712214482423,0,1,0,0,0,0,"Sólo VaXM",0.65733054816169,0,79806,53219,79848,0,0,0,0,0,0,0,0,221147,296442,212873,1,1,1,0.374899588017269,0,1,0,0,0,-0.0321873735348451,"Alianza PRI","VaXM","Opositor"
"89","15.37",63953,0,21228,30317,2814,11267,2683,14279,5721,5554,4933,0,169427,308152,162749,0,0,0.39295479542117,1,0,0,0,0,0,"Sin coals.",0.549816324411329,0,101188,42744,47321,0,0,0,0,0,0,0,0,196681,287130,191253,1,1,1,0.529079282416485,1,0,0,0,0,-0.136124486995315,"Morena","Morena","Retiene"
"90","15.38",64680,0,13929,36607,5005,20549,1797,3606,3675,1965,3990,0,160599,307410,155803,0,0,0.415139631457674,1,0,0,0,0,0,"Sin coals.",0.522426075924661,1,110803,23897,51688,0,0,0,0,0,0,0,0,191909,287754,186388,1,1,1,0.594474966199541,1,0,0,0,0,-0.179335334741867,"Morena","Morena","Retiene"
"91","15.39",52943,60184,0,0,0,0,0,3158,2453,1445,7040,0,131209,273868,127223,1,1,0.416143307420828,0,1,0,0,0,0,"Ambas",0.479095768764514,1,78590,24693,57143,0,0,0,0,0,0,0,0,165229,260012,160426,1,1,1,0.489883186017229,1,0,0,0,0,-0.0737398785964011,"Morena","VaXM","Pierde"
"92","15.4",65490,0,27113,45592,2423,0,0,6277,3704,4776,3802,0,163455,305942,159177,1,0,0.411428786822217,1,0,0,0,0,0,"Sólo JHH",0.534267933137654,1,99195,41717,46579,0,0,0,0,0,0,0,0,192827,292336,187491,1,1,1,0.529065395138967,1,0,0,0,0,-0.11763660831675,"Morena","Morena","Retiene"
"93","15.40",54082,75419,0,0,0,22687,5845,6811,6197,2246,4140,0,184040,331766,177427,0,1,0.304812683526183,0,1,0,0,0,0,"Sólo VaXM",0.554728332619979,0,96233,48169,58036,0,0,0,0,0,0,0,0,210567,308188,202438,1,1,1,0.475370236813247,1,0,0,0,0,-0.170557553287064,"Morena","VaXM","Pierde"
"94","15.41",87564,93890,0,0,0,0,0,4869,2400,1168,3006,0,197318,346331,192897,1,1,0.453941740929097,0,1,0,0,0,0,"Ambas",0.569738198428671,0,119235,31982,64519,0,0,0,0,0,0,0,0,220999,322728,215736,1,1,1,0.552689398153298,1,0,0,0,0,-0.0987476572242015,"Morena","VaXM","Pierde"
"95","15.5",68382,0,33982,56226,2566,0,0,3530,3583,4727,4211,0,181636,289197,177207,1,0,0.385887690666847,1,0,0,0,0,0,"Sólo JHH",0.62807013904017,1,98086,35114,56580,0,0,0,0,0,0,0,0,195307,272235,189780,1,1,1,0.516840552218358,1,0,0,0,0,-0.130952861551511,"Morena","Morena","Retiene"
"96","15.6",68529,59696,0,0,0,0,0,7067,3308,6059,4216,0,152633,293110,148875,1,1,0.46031234256927,1,0,0,0,0,0,"Ambas",0.520736242366347,0,105497,42610,39343,0,0,0,0,0,0,0,0,192916,284874,187450,1,1,1,0.562800746865831,1,0,0,0,0,-0.102488404296561,"Morena","Morena","Retiene"
"97","15.7",64265,80931,0,0,0,9033,2783,6643,2358,2064,2751,0,175160,309515,170828,0,1,0.376197110543939,0,1,0,0,0,0,"Sólo VaXM",0.565917645348368,1,108436,55504,42492,0,0,0,0,0,0,0,0,211887,301207,206432,1,1,1,0.525286777243838,1,0,0,0,0,-0.149089666699899,"Morena","VaXM","Pierde"
"98","15.8",54810,0,15993,33057,2766,6327,2170,3542,1990,994,3656,0,129403,257850,125305,0,0,0.437412712980328,1,0,0,0,0,0,"Sin coals.",0.501853790963739,1,86453,34439,36580,0,0,0,0,0,0,0,0,161935,247313,157472,1,1,1,0.54900553749238,1,0,0,0,0,-0.111592824512052,"Morena","Morena","Retiene"
"99","15.9",43688,97153,0,0,0,12617,2814,14915,3868,1751,1328,0,184717,296782,178134,0,1,0.245253573152795,0,1,0,0,0,0,"Sólo VaXM",0.622399606445135,1,58972,41773,82843,0,0,0,0,0,0,0,0,192067,275992,183588,1,1,1,0.32121925180295,0,1,0,0,0,-0.075965678650155,"Alianza PRI","VaXM","Opositor"
"100","16.1",74453,38120,0,0,0,5073,11248,2096,1489,2104,2337,0,143439,273083,136920,0,1,0.543770084721005,1,0,0,0,0,0,"Sólo VaXM",0.525257888627267,0,86643,30236,0,0,31599,0,4847,0,0,2522,0,163560,265614,155847,1,1,0,0.555949103928853,1,0,0,0,0,-0.0121790192078484,"Morena","Morena","Retiene"
"101","16.10",48319,84639,0,0,0,9014,3946,4105,2617,1933,2697,0,164181,324936,157270,0,1,0.307235963629427,0,1,0,0,0,0,"Sólo VaXM",0.505271807371298,0,65393,46081,0,0,19760,0,10853,0,0,3185,0,187274,309830,145272,1,1,0,0.450141802962718,1,0,0,0,0,-0.142905839333291,"Morena","VaXM","Pierde"
"102","16.11",39982,61093,0,0,0,13317,14846,3239,8140,3955,5458,0,159711,298413,150030,0,1,0.266493367993068,0,1,0,0,0,0,"Sólo VaXM",0.535201214424305,0,54703,57358,0,0,26721,0,15944,0,0,6074,0,174176,NA,160800,1,1,0,0.340192786069652,0,0,1,0,0,-0.0736994180765837,"Alianza PAN","VaXM","Opositor"
"103","16.12",56363,42587,0,0,0,0,0,3336,2865,2636,5902,0,119218,260155,113689,1,1,0.495764761762352,1,0,0,0,0,0,"Ambas",0.458257577213584,1,57144,37022,0,0,24032,0,13080,0,0,3940,0,143459,251974,135218,1,1,0,0.422606457720126,1,0,0,0,0,0.0731583040422257,"Morena","Morena","Retiene"
"104","16.2",38106,59387,0,0,0,16776,13955,7895,14892,1841,7851,0,169849,327943,160703,0,1,0.237120651139058,0,1,0,0,0,0,"Sólo VaXM",0.51792232186691,0,57530,56193,0,0,33549,0,17521,0,0,6303,0,182587,NA,171096,1,1,0,0.336243979987843,1,0,0,0,0,-0.0991233288487853,"Morena","VaXM","Pierde"
"105","16.3",74457,64859,0,0,0,0,0,3776,4361,2907,2396,0,159350,274591,152756,1,1,0.487424389222027,1,0,0,0,0,0,"Ambas",0.580317636047795,1,67264,58614,0,0,25973,0,11365,0,0,2704,0,176961,272763,165920,1,1,0,0.405400192864031,1,0,0,0,0,0.0820241963579965,"Morena","Morena","Retiene"
"106","16.4",42251,67345,0,0,0,10389,5842,10805,4178,2187,5324,0,154215,307056,148321,0,1,0.284861887392884,0,1,0,0,0,0,"Sólo VaXM",0.50223737689542,0,52518,64748,0,0,29905,0,10858,0,0,4190,0,171367,294299,162219,1,1,0,0.323747526491965,0,0,1,0,0,-0.0388856390990802,"Alianza PAN","VaXM","Opositor"
"107","16.5",35523,62650,0,0,0,5571,6889,10253,3859,1015,2887,0,133500,309510,128647,0,1,0.276127698275125,0,1,0,0,0,0,"Sólo VaXM",0.431326936124843,1,58758,55278,0,0,26366,0,9355,0,0,4225,0,161990,297644,153982,1,1,0,0.381590055980569,1,0,0,0,0,-0.105462357705444,"Morena","VaXM","Pierde"
"108","16.6",40288,56347,0,0,0,17944,11842,9385,2725,2799,2793,0,152157,294450,144123,0,1,0.279539004877778,0,1,0,0,0,0,"Sólo VaXM",0.516749872643912,0,57315,46713,0,0,28877,0,17162,0,0,5243,0,167026,280855,155310,1,1,0,0.369036121305776,1,0,0,0,0,-0.0894971164279976,"Morena","VaXM","Pierde"
"109","16.7",45677,56571,0,0,0,8237,6453,8348,9253,2642,4917,0,149429,287467,142098,0,1,0.321447170262776,0,1,0,0,0,0,"Sólo VaXM",0.519812708937026,0,56197,40784,0,0,26613,0,18185,0,0,3429,0,155686,NA,145208,1,1,0,0.387010357556058,1,0,0,0,0,-0.0655631872932811,"Morena","VaXM","Pierde"
"110","16.8",49381,54284,0,0,0,7401,3263,3593,3035,2020,2760,0,132869,311253,125737,0,1,0.392732449477878,0,1,0,0,0,0,"Sólo VaXM",0.426884238866774,0,71600,34148,0,0,23977,0,14070,0,0,2971,0,157975,291676,146766,1,1,0,0.487851409727048,1,0,0,0,0,-0.09511896024917,"Morena","VaXM","Pierde"
"111","16.9",46475,40123,0,0,0,3168,3409,2002,969,569,1190,9286,111606,251616,107191,0,1,0.433571848382793,1,0,0,0,0,0,"Sólo VaXM",0.443556848531095,0,52425,43467,0,0,9369,0,4986,0,0,1471,0,130912,239846,111718,1,1,0,0.469261891548363,1,0,0,0,0,-0.0356900431655695,"Morena","Morena","Retiene"
"112","17.1",47415,0,43993,15685,4867,5637,4744,5072,4178,2332,15803,0,156608,312202,149726,0,0,0.316678465997889,1,0,0,0,0,0,"Sin coals.",0.501623948597382,0,94874,0,24744,41394,0,9358,0,0,7945,0,0,204214,305520,178315,1,0,1,0.532058435913973,1,0,0,0,0,-0.215379969916083,"Morena","Morena","Retiene"
"113","17.2",59867,0,19233,13864,10112,0,0,9890,3778,11086,9290,0,144010,298877,137120,1,0,0.436602975495916,1,0,0,0,0,0,"Sólo JHH",0.481837009873627,1,92844,0,34554,18343,0,22952,0,0,5637,0,0,184376,283166,174330,1,0,1,0.532576148683531,1,0,0,0,0,-0.0959731731876152,"Morena","Morena","Retiene"
"114","17.3",55074,0,17172,13607,3829,5671,9078,13411,16775,6664,6461,0,155444,298693,147742,0,0,0.37277145293823,1,0,0,0,0,0,"Sin coals.",0.520413936717633,1,90268,0,44436,10868,0,19341,0,0,12688,0,0,188532,287821,177601,1,0,1,0.508262903925091,1,0,0,0,0,-0.13549145098686,"Morena","Morena","Retiene"
"115","17.4",62340,0,8404,11128,3119,0,0,11821,3282,32236,25630,0,165507,301325,157960,1,0,0.394656875158268,1,0,0,0,0,0,"Sólo JHH",0.549264083630631,0,82875,0,27812,7341,0,25905,0,0,4106,0,0,191588,292132,148039,1,0,1,0.559818696424591,1,0,0,0,0,-0.165161821266323,"Morena","Morena","Retiene"
"116","17.5",54113,0,20813,18145,2897,9121,11139,13355,11781,9580,13088,0,174434,284986,164032,0,0,0.329892947717519,1,0,0,0,0,0,"Sin coals.",0.61207918985494,1,86026,0,45708,12558,0,26895,0,0,9775,0,0,193299,270726,180962,1,0,1,0.475381571821708,1,0,0,0,0,-0.14548862410419,"Morena","Morena","Retiene"
"117","18.1",74292,35219,0,0,0,0,0,30537,3946,3874,4752,0,160533,263259,152620,1,1,0.486777617612371,1,0,0,0,0,0,"Ambas",0.609791118252367,1,76532,31335,0,0,26708,0,2496,0,0,4552,0,147158,256770,141623,1,1,0,0.540392450378823,1,0,0,0,0,-0.0536148327664521,"Morena","Morena","Retiene"
"118","18.2",83531,31958,0,0,0,0,0,25307,6933,5023,4193,0,162433,317068,156945,1,1,0.532231036350314,1,0,0,0,0,0,"Ambas",0.5122970466903,0,99249,50514,0,0,17641,0,4017,0,0,4182,0,181223,302091,175603,1,1,0,0.565189660768893,1,0,0,0,0,-0.0329586244185797,"Morena","Morena","Retiene"
"119","18.3",71921,42448,0,0,0,0,0,19475,2714,4820,5247,0,153828,311181,146625,1,1,0.490509803921569,1,0,0,0,0,0,"Ambas",0.494336093784646,0,79027,42447,0,0,18465,0,2876,5964,0,3252,3051,153931,287950,155082,0,1,0,0.50958202757251,1,0,0,0,0,-0.0190722236509414,"Morena","Morena","Retiene"
"120","19.1",18563,0,104458,19267,571,2281,1154,25629,934,958,2077,0,179843,333592,175892,0,0,0.105536351852273,0,0,1,0,0,0,"Sin coals.",0.539110650135495,0,36663,0,0,85705,20018,1353,6770,0,23845,7021,0,187855,316603,181375,1,0,0,0.202139214334941,0,0,0,0,1,-0.0966028624826684,"PAN","PAN","Opositor"
"121","19.10",24161,0,49811,72076,945,0,0,42035,1050,739,1298,0,196236,336042,192115,1,0,0.125763214741171,0,0,0,1,0,0,"Sólo JHH",0.583962718945846,0,39053,0,0,67310,29688,1350,9152,0,24817,4806,0,193324,329254,176176,1,0,0,0.221670375079466,0,0,0,0,1,-0.0959071603382953,"PAN","PRI","Opositor"
"122","19.11",33772,0,60829,43223,944,0,0,31293,2416,1121,1167,0,179040,333407,174765,1,0,0.193242354018253,0,0,1,0,0,0,"Sólo JHH",0.537001322707682,0,46151,0,0,58051,37647,2903,5792,0,17308,5458,0,194900,330958,173310,1,0,0,0.266291616179101,0,0,0,0,1,-0.0730492621608479,"PAN","PAN","Opositor"
"123","19.12",39661,0,37210,41864,995,0,0,32199,1517,1068,2971,0,161881,397641,157485,1,0,0.251839857764232,0,0,0,1,0,0,"Sólo JHH",0.407103392255829,1,48692,0,0,19004,32885,1735,15121,0,12987,5125,0,156617,332826,135549,1,0,0,0.359220650834753,1,0,0,0,0,-0.107380793070522,"Morena","PRI","Pierde"
"124","19.2",35363,0,33409,65907,902,0,0,35216,1701,782,1774,0,178655,363234,175054,1,0,0.202011950598101,0,0,0,1,0,0,"Sólo JHH",0.491845477020323,1,53628,0,0,47327,37782,1369,8444,0,19144,5497,0,178102,326742,173191,1,0,0,0.309646575168456,1,0,0,0,0,-0.107634624570354,"Morena","PRI","Pierde"
"125","19.3",35433,0,35091,22355,2124,0,0,35327,1273,1122,1833,0,137923,321784,134558,1,0,0.26332882474472,1,0,0,0,0,0,"Sólo JHH",0.428619819506253,1,38833,0,0,31135,26263,1185,12258,0,13571,3160,0,140963,NA,126405,1,0,0,0.307210948933982,1,0,0,0,0,-0.0438821241892623,"Morena","Morena","Retiene"
"126","19.4",29453,0,102762,23960,786,3504,2326,37210,1174,838,1576,0,207883,367332,203589,0,0,0.144668916297049,0,0,1,0,0,0,"Sin coals.",0.565926736576176,0,50630,0,0,92471,19436,1657,7750,0,24966,4749,0,223485,365377,201659,1,0,0,0.25106739595059,0,0,0,0,1,-0.10639847965354,"PAN","PAN","Opositor"
"127","19.5",24719,0,11599,55072,486,0,0,22807,747,908,1088,0,121313,261261,117426,1,0,0.210507042733296,0,0,0,1,0,0,"Sólo JHH",0.464336429853671,1,39008,0,0,16572,34974,945,5625,0,9607,1938,0,119729,253844,108669,1,0,0,0.358961617388584,1,0,0,0,0,-0.148454574655288,"Morena","PRI","Pierde"
"128","19.6",24770,0,69724,63223,1166,2622,3608,49974,1851,785,1453,0,224086,364495,219176,0,0,0.113014198634887,0,0,1,0,0,0,"Sin coals.",0.614784839298207,1,51693,0,0,72113,31803,1893,10779,0,45634,4296,0,225302,355425,218211,1,0,0,0.236894565351884,0,0,0,0,1,-0.123880366716997,"PAN","PAN","Opositor"
"129","19.7",49228,0,48250,32426,2124,0,0,47323,2796,3997,4707,0,197066,446531,190851,1,0,0.257939439667594,1,0,0,0,0,0,"Sólo JHH",0.441326582029019,0,50059,0,0,38588,34736,3641,10584,0,14160,6780,0,186197,NA,158548,1,0,0,0.31573403638015,1,0,0,0,0,-0.0577945967125558,"Morena","Morena","Retiene"
"130","19.8",34920,0,37804,43421,867,0,0,33545,1720,903,1648,0,158677,318955,154828,1,0,0.225540599891492,0,0,0,1,0,0,"Sólo JHH",0.497490241570127,0,45184,0,0,33682,30212,1516,6379,0,13836,4492,0,160231,299696,135301,1,0,0,0.333951707674001,1,0,0,0,0,-0.108411107782508,"Morena","PRI","Pierde"
"131","19.9",28885,0,51831,71628,852,8245,6269,22015,1089,2169,1092,0,201806,345421,194075,0,0,0.148834213577225,0,0,0,1,0,0,"Sin coals.",0.58423199515953,1,37902,0,0,49694,60854,1249,6789,0,9800,12040,0,202538,327919,178328,1,0,0,0.212540935803688,0,0,0,1,0,-0.0637067222264623,"PRI","PRI","Opositor"
"132","2.1",65037,31859,0,0,0,0,0,8432,20582,1632,2650,0,134363,359116,130192,1,1,0.499546823153496,1,0,0,0,0,0,"Ambas",0.374149299947649,0,100310,46770,0,0,12581,0,7063,0,0,4354,0,176632,334181,171078,1,1,0,0.586340733466606,1,0,0,0,0,-0.0867939103131095,"Morena","Morena","Retiene"
"133","2.2",58174,0,32136,9237,1461,2713,1816,7999,22197,2273,2546,0,145757,344830,140552,0,0,0.413896636120439,1,0,0,0,0,0,"Sin coals.",0.422692341153612,0,95100,52513,0,0,19049,0,6828,0,0,3266,0,182252,336298,176756,1,1,0,0.538029826427391,1,0,0,0,0,-0.124133190306952,"Morena","Morena","Retiene"
"134","2.3",64801,27560,0,0,0,0,0,5337,17317,3907,14696,0,138607,348261,133618,1,1,0.48497208459938,1,0,0,0,0,0,"Ambas",0.397997478902318,1,93815,43375,0,0,23027,0,8955,0,0,7010,0,182894,330058,176182,1,1,0,0.532489130558173,1,0,0,0,0,-0.0475170459587925,"Morena","Morena","Retiene"
"135","2.4",81138,17646,0,0,0,4001,4431,5480,19177,1692,2558,0,141150,395214,136123,0,1,0.596063854014384,1,0,0,0,0,0,"Sólo VaXM",0.357148279160151,1,126101,29854,0,0,9849,0,4621,0,0,3438,0,178173,344424,173863,1,1,0,0.725289452039824,1,0,0,0,0,-0.12922559802544,"Morena","Morena","Retiene"
"136","2.5",60352,42493,0,0,0,3645,3135,6540,26436,2421,3085,0,152870,369354,148107,0,1,0.407489180119778,1,0,0,0,0,0,"Sólo VaXM",0.413884782620467,0,107314,51210,0,0,17018,0,6096,0,0,3390,0,190459,355396,185028,1,1,0,0.579987893724193,1,0,0,0,0,-0.172498713604415,"Morena","Morena","Retiene"
"137","2.6",57298,37167,0,0,0,3668,1956,6103,28160,1688,2667,0,143709,354821,138707,0,1,0.413086578182788,1,0,0,0,0,0,"Sólo VaXM",0.405018305004495,0,103373,41404,0,0,16979,0,5981,0,0,3440,0,177076,338791,171177,1,1,0,0.603895383141427,1,0,0,0,0,-0.190808804958639,"Morena","Morena","Retiene"
"138","2.7",66088,22417,0,0,0,0,0,7050,22148,3142,5993,0,131824,372488,126838,1,1,0.521042589760166,1,0,0,0,0,0,"Ambas",0.353901333734241,0,98505,38099,0,0,17943,0,5202,0,0,3579,0,168569,344373,163328,1,1,0,0.603111530172414,1,0,0,0,0,-0.0820689404122473,"Morena","Morena","Retiene"
"139","2.8",74479,23154,0,0,0,0,0,5109,24246,1517,2546,0,134895,375102,131051,1,1,0.568320730097443,1,0,0,0,0,0,"Ambas",0.359622182766288,0,120070,31708,0,0,13754,0,4914,0,0,3135,0,178169,348046,173581,1,1,0,0.691723172467033,1,0,0,0,0,-0.12340244236959,"Morena","Morena","Retiene"
"140","20.1",100759,58336,0,0,0,0,0,8797,4748,4291,5636,0,189340,280055,182567,1,1,0.551901493698204,1,0,0,0,0,0,"Ambas",0.676081483994215,0,100005,32055,62803,0,0,0,0,0,0,0,0,202531,NA,194863,1,1,1,0.513206714460929,1,0,0,0,0,0.038694779237275,"Morena","Morena","Retiene"
"141","20.10",69872,53781,0,0,0,13943,9480,3657,3673,2642,5813,0,172476,327513,162861,0,1,0.429028435291445,1,0,0,0,0,0,"Sólo VaXM",0.526623370675362,1,108448,36206,44506,0,0,0,0,0,0,0,0,200126,306787,189160,1,1,1,0.573313596954959,1,0,0,0,0,-0.144285161663514,"Morena","Morena","Retiene"
"142","20.2",73994,62767,0,0,0,8837,10098,4244,3419,4547,3654,0,179002,283688,171560,0,1,0.4313010025647,1,0,0,0,0,0,"Sólo VaXM",0.630981923803615,1,101872,26659,56492,0,0,0,0,0,0,0,0,195162,271339,185023,1,1,1,0.55059100760446,1,0,0,0,0,-0.11929000503976,"Morena","Morena","Retiene"
"143","20.3",94183,43023,0,0,0,0,0,4739,3898,3261,10444,0,165784,307933,159548,1,1,0.590311379647504,1,0,0,0,0,0,"Ambas",0.538376854705407,1,107036,31688,39397,0,0,0,0,0,0,0,0,186185,287380,178121,1,1,1,0.600917353933562,1,0,0,0,0,-0.0106059742860578,"Morena","Morena","Retiene"
"144","20.4",90211,36017,0,0,0,0,0,3685,3028,2172,4169,0,145790,327219,139282,1,1,0.647685989575107,1,0,0,0,0,0,"Ambas",0.445542587685923,1,112482,25788,37649,0,0,0,0,0,0,0,0,184413,309294,175919,1,1,1,0.639396540453277,1,0,0,0,0,0.00828944912182983,"Morena","Morena","Retiene"
"145","20.5",106845,33183,0,0,0,0,0,3058,3131,2887,4017,0,158302,281467,153121,1,1,0.697781493067574,1,0,0,0,0,0,"Ambas",0.562417619116984,1,119380,19058,35427,0,0,0,0,0,0,0,0,181163,269697,173865,1,1,1,0.686624680067869,1,0,0,0,0,0.0111568129997053,"Morena","Morena","Retiene"
"146","20.6",65285,37628,0,0,0,6177,18403,3156,4644,2869,5605,0,151771,288511,143767,0,1,0.454102819144866,1,0,0,0,0,0,"Sólo VaXM",0.526049266752394,1,87716,35946,33092,0,0,0,0,0,0,0,0,171173,NA,156754,1,1,1,0.559577427051303,1,0,0,0,0,-0.105474607906437,"Morena","Morena","Retiene"
"147","20.7",108328,59685,0,0,0,0,0,4153,5492,3745,4209,0,190695,288885,185612,1,1,0.58362605866,1,0,0,0,0,0,"Ambas",0.660106962978348,0,102943,29176,62084,0,0,0,0,0,0,0,0,203777,285218,194203,1,1,1,0.530079349958549,1,0,0,0,0,0.0535467087014518,"Morena","Morena","Retiene"
"148","20.8",87866,50541,0,0,0,0,0,6329,7174,2790,6785,0,166460,323518,161485,1,1,0.544112456265288,1,0,0,0,0,0,"Ambas",0.514530876179996,1,132759,31828,38352,0,0,0,0,0,0,0,0,210740,312825,202939,1,1,1,0.654181798471462,1,0,0,0,0,-0.110069342206174,"Morena","Morena","Retiene"
"149","20.9",81516,73865,0,0,0,0,0,3055,2914,4954,4033,0,178019,289014,170337,1,1,0.478557213054122,1,0,0,0,0,0,"Ambas",0.615952860415066,1,90241,35246,53607,0,0,0,0,0,0,0,0,186339,NA,179094,1,1,1,0.503875060024345,1,0,0,0,0,-0.0253178469702227,"Morena","Morena","Retiene"
"150","21.1",80586,74658,0,0,0,0,0,20645,7699,3645,4528,0,202103,292805,191761,1,1,0.420241863569756,1,0,0,0,0,0,"Ambas",0.69023069961237,0,74101,72199,0,0,40553,0,7551,0,0,3935,0,210054,279935,198339,1,1,0,0.373607812886018,1,0,0,0,0,0.0466340506837377,"Morena","Morena","Retiene"
"151","21.10",70626,81367,0,0,0,0,0,7730,9973,4387,6959,0,188577,357851,181042,1,1,0.390108372642812,0,1,0,0,0,0,"Ambas",0.526970722451523,1,110408,65343,0,0,19064,0,10817,0,0,5730,0,220757,328497,211362,1,1,0,0.522364474219585,1,0,0,0,0,-0.132256101576773,"Morena","VaXM","Pierde"
"152","21.11",58750,62013,0,0,0,0,0,4092,2498,2152,3102,0,138398,334724,132607,1,1,0.443038451967091,0,1,0,0,0,0,"Ambas",0.413469007301538,0,102934,44317,0,0,21115,0,6881,0,0,3352,0,185730,307513,178599,1,1,0,0.57634141288585,1,0,0,0,0,-0.13330296091876,"Morena","VaXM","Pierde"
"153","21.12",65924,90692,0,0,0,0,0,4815,2211,1231,3257,0,173688,337166,168130,1,1,0.392101350145721,0,1,0,0,0,0,"Ambas",0.515140909818902,0,110533,61118,0,0,24644,0,9036,0,0,3508,0,216756,NA,208839,1,1,0,0.52927374676186,1,0,0,0,0,-0.137172396616139,"Morena","VaXM","Pierde"
"154","21.13",83616,60706,0,0,0,0,0,7678,5164,6560,7939,0,180298,324476,171663,1,1,0.48709389909299,1,0,0,0,0,0,"Ambas",0.555658970154958,0,89943,52798,0,0,38896,0,10345,0,0,5178,0,207519,NA,197160,1,1,0,0.45619293974437,1,0,0,0,0,0.0309009593486203,"Morena","Morena","Retiene"
"155","21.14",95692,72250,0,0,0,0,0,6340,5772,5056,5911,0,199960,315327,191021,1,1,0.500950157312547,1,0,0,0,0,0,"Ambas",0.634135357898309,1,100715,48448,0,0,47309,0,6356,0,0,4917,0,219469,307143,207745,1,1,0,0.484801078244964,1,0,0,0,0,0.016149079067583,"Morena","Morena","Retiene"
"156","21.15",86030,41131,0,0,0,0,0,6384,7116,1898,8847,0,159406,316732,151406,1,1,0.568207336565262,1,0,0,0,0,0,"Ambas",0.503283533081596,0,109274,34799,0,0,29664,0,12006,0,0,4483,0,198958,NA,190226,1,1,0,0.574443030921115,1,0,0,0,0,-0.00623569435585336,"Morena","Morena","Retiene"
"157","21.2",91073,81846,0,0,0,0,0,6443,3674,5369,8611,0,206514,297916,197016,1,1,0.462261948268161,1,0,0,0,0,0,"Ambas",0.69319539736033,0,58184,69316,0,0,61321,0,5466,0,0,6291,0,213730,NA,200578,1,1,0,0.290081663991066,0,0,1,0,0,0.172180284277095,"Alianza PAN","Morena","Obtiene"
"158","21.3",78607,64854,0,0,0,0,0,19506,8237,4087,9831,0,194498,302329,185122,1,1,0.424622681258846,1,0,0,0,0,0,"Ambas",0.643332263858247,0,75438,54563,0,0,43540,0,9525,0,0,8322,0,203862,286126,191388,1,1,0,0.39416264342592,1,0,0,0,0,0.0304600378329254,"Morena","Morena","Retiene"
"159","21.4",79623,69610,0,0,0,0,0,10119,9220,6413,5270,0,191621,288212,180255,1,1,0.441724224015977,1,0,0,0,0,0,"Ambas",0.664861282666926,1,87169,54578,0,0,44190,0,5537,0,0,3235,0,206693,270988,194709,1,1,0,0.447688601964984,1,0,0,0,0,-0.00596437794900628,"Morena","Morena","Retiene"
"160","21.5",75034,49565,0,0,0,0,0,12646,8392,6099,8339,0,167743,315026,160075,1,1,0.468742776823364,1,0,0,0,0,0,"Ambas",0.532473510122974,0,96250,40744,0,0,28437,0,8986,0,0,7555,0,191492,295720,181972,1,1,0,0.528927527311894,1,0,0,0,0,-0.0601847504885301,"Morena","Morena","Retiene"
"161","21.6",61972,49673,0,0,0,0,0,4217,1930,1472,3064,0,127030,319034,122328,1,1,0.506605192596952,1,0,0,0,0,0,"Ambas",0.398170727884802,1,104345,38717,0,0,26091,0,7301,0,0,2832,0,186152,NA,179286,1,1,0,0.582003056568834,1,0,0,0,0,-0.0753978639718816,"Morena","Morena","Retiene"
"162","21.7",84163,52470,0,0,0,0,0,10425,5515,7991,8169,0,177519,308443,168733,1,1,0.498793952575963,1,0,0,0,0,0,"Ambas",0.575532594352927,0,98513,50657,0,0,27498,0,8925,0,0,3837,0,198572,289617,189430,1,1,0,0.520049622551866,1,0,0,0,0,-0.0212556699759029,"Morena","Morena","Retiene"
"163","21.8",81612,73550,0,0,0,0,0,23793,4523,2592,6956,0,202428,290869,193026,1,1,0.422803145690218,1,0,0,0,0,0,"Ambas",0.69594215952886,0,64100,63104,0,0,39843,0,7788,0,0,13309,0,200155,NA,188144,1,1,0,0.340696487796581,1,0,0,0,0,0.0821066578936365,"Morena","Morena","Retiene"
"164","21.9",65674,74831,0,0,0,0,0,3796,1796,1416,2887,0,155506,339027,150400,1,1,0.436662234042553,0,1,0,0,0,0,"Ambas",0.458683231719008,0,106612,63369,0,0,16011,0,7761,0,0,2907,0,203583,NA,196660,1,1,0,0.542113291975999,1,0,0,0,0,-0.105451057933446,"Morena","VaXM","Pierde"
"165","22.1",31480,0,59436,33950,1562,9896,1448,2482,2355,3427,5884,0,158968,269449,151920,0,0,0.207214323328067,0,0,1,0,0,0,"Sin coals.",0.58997435507276,1,46541,60170,0,0,38459,0,6433,0,0,6256,0,168365,252531,157859,1,1,0,0.294826395707562,0,0,1,0,0,-0.0876120723794944,"Alianza PAN","PAN","Opositor"
"166","22.2",48353,0,61347,24919,2739,0,0,2989,3514,3977,4008,0,157105,306248,151846,1,0,0.318434466498953,0,0,1,0,0,0,"Sólo JHH",0.512999268566652,1,69357,53936,0,0,33458,0,14500,0,0,4174,0,184029,284047,175425,1,1,0,0.395365540829414,1,0,0,0,0,-0.0769310743304614,"Morena","PAN","Pierde"
"167","22.3",63318,0,85358,18274,1707,0,0,4151,2468,1824,2968,0,184730,408415,180068,1,0,0.351633827220828,0,0,1,0,0,0,"Sólo JHH",0.452309538092382,1,83496,67833,0,0,41084,0,8338,0,0,3520,0,212774,363990,204271,1,1,0,0.408751119835904,1,0,0,0,0,-0.0571172926150766,"Morena","PAN","Pierde"
"168","22.4",51136,0,107568,19438,1908,5434,1896,3537,2143,1772,2698,0,202659,377186,197530,0,0,0.258877132587455,0,0,1,0,0,0,"Sin coals.",0.537291946148585,1,80548,93158,0,0,32625,0,10607,0,0,4109,0,231015,361257,221047,1,1,0,0.364393092871652,0,0,1,0,0,-0.105515960284197,"Alianza PAN","PAN","Opositor"
"169","22.5",41199,0,96816,32815,2031,8051,2861,3435,2605,2595,3579,0,201769,375080,195987,0,0,0.210212922285662,0,0,1,0,0,0,"Sin coals.",0.537935907006505,0,56952,89965,0,0,37170,0,9214,0,0,4403,0,208715,321128,197704,1,1,0,0.288067009266378,0,0,1,0,0,-0.0778540869807162,"Alianza PAN","PAN","Opositor"
"170","23.1",81558,59203,0,0,0,0,0,6246,4320,2570,10859,0,171965,381428,164756,1,1,0.495022943018767,1,0,0,0,0,0,"Ambas",0.450845244711977,0,111398,42420,33901,0,0,0,0,0,0,0,0,195339,338233,187719,1,1,1,0.593429540962822,1,0,0,0,0,-0.0984065979440549,"Morena","Morena","Retiene"
"171","23.2",83259,44676,0,0,0,0,0,7966,3268,5414,8013,0,158621,290122,152596,1,1,0.54561718524732,1,0,0,0,0,0,"Ambas",0.546738958093492,0,94634,49445,34308,0,0,0,0,0,0,0,0,185886,272867,178387,1,1,1,0.530498298642838,1,0,0,0,0,0.0151188866044814,"Morena","Morena","Retiene"
"172","23.3",57489,17868,0,0,0,0,0,2962,7885,1439,11594,0,104287,272767,99237,1,1,0.579310136340276,1,0,0,0,0,0,"Ambas",0.382329973933797,0,105881,19118,19896,0,0,0,0,0,0,0,0,149864,264634,144895,1,1,1,0.730742951792677,1,0,0,0,0,-0.151432815452401,"Morena","Morena","Retiene"
"173","23.4",66764,51502,0,0,0,0,0,5160,5868,1836,15802,0,152940,378254,146932,1,1,0.454387063403479,1,0,0,0,0,0,"Ambas",0.404331480962528,0,113637,43012,27276,0,0,0,0,0,0,0,0,190116,332932,183925,1,1,1,0.617844229985048,1,0,0,0,0,-0.163457166581569,"Morena","Morena","Retiene"
"174","24.1",74007,56518,0,0,0,0,0,14230,5204,2267,2397,0,164472,273579,154623,1,1,0.478628664558313,1,0,0,0,0,0,"Ambas",0.601186494577435,1,41175,53476,66965,0,0,0,0,0,0,0,0,173218,262221,161616,1,1,1,0.254770567270567,0,1,0,0,0,0.223858097287746,"Alianza PRI","Morena","Obtiene"
"175","24.2",29708,65606,0,0,0,68133,3668,8777,2550,3864,1916,0,196704,343231,184222,0,1,0.161261955683903,0,0,0,0,0,1,"Sólo VaXM",0.573095087564934,0,50690,82276,52895,0,0,0,0,0,0,0,0,196210,321336,185861,1,1,1,0.272730696595843,0,0,1,0,0,-0.11146874091194,"Alianza PAN","PVEM","Opositor"
"176","24.3",67467,66790,0,0,0,0,0,7536,4415,2566,1960,0,160406,274741,150734,1,1,0.447589793941646,1,0,0,0,0,0,"Ambas",0.583844420745357,1,39746,56205,62128,0,0,0,0,0,0,0,0,168683,263906,158079,1,1,1,0.251431246402115,0,1,0,0,0,0.19615854753953,"Alianza PRI","Morena","Obtiene"
"177","24.4",68114,37021,0,0,0,0,0,4754,6302,20278,5208,0,149561,246737,141677,1,1,0.480769637979347,1,0,0,0,0,0,"Ambas",0.606155542135959,0,58400,45611,43807,0,0,0,0,0,0,0,0,157092,238975,147818,1,1,1,0.395080436753305,1,0,0,0,0,0.0856892012260427,"Morena","Morena","Retiene"
"178","24.5",74485,90088,0,0,0,0,0,5368,2104,1962,2304,0,182478,326190,176311,1,1,0.422463714685981,0,1,0,0,0,0,"Ambas",0.559422422514485,0,57819,87672,33925,0,0,0,0,0,0,0,0,189448,311399,179416,1,1,1,0.322262228563785,0,0,1,0,0,0.100201486122196,"Alianza PAN","VaXM","Opositor"
"179","24.6",94716,51629,0,0,0,0,0,5843,2656,3115,3500,0,168497,318876,161459,1,1,0.586625706835791,1,0,0,0,0,0,"Ambas",0.528409162182165,0,66849,67381,31953,0,0,0,0,0,0,0,0,175847,304359,166183,1,1,1,0.402261362473899,0,0,1,0,0,0.184364344361892,"Alianza PAN","Morena","Obtiene"
"180","24.7",88224,59757,0,0,0,0,0,5172,5612,22335,1947,0,197811,284946,183047,1,1,0.481974574835971,1,0,0,0,0,0,"Ambas",0.694205217830747,1,48612,63868,63744,0,0,0,0,0,0,0,0,193141,272130,176224,1,1,1,0.275853459233703,0,0,1,0,0,0.206121115602269,"Alianza PAN","Morena","Obtiene"
"181","25.1",78085,42463,0,0,0,0,0,8674,3218,1657,3400,0,142183,308879,137497,1,1,0.567903299708357,1,0,0,0,0,0,"Ambas",0.460319413103513,0,79810,35590,48225,0,0,0,0,0,0,0,0,169212,293360,163625,1,1,1,0.487761650114591,1,0,0,0,0,0.080141649593766,"Morena","Morena","Retiene"
"182","25.2",91829,52131,0,0,0,0,0,7780,2295,2462,3908,0,164931,339443,160405,1,1,0.572482154546305,1,0,0,0,0,0,"Ambas",0.485887173987974,0,106199,39572,42514,0,0,0,0,0,0,0,0,199205,321131,188285,1,1,1,0.56403324747059,1,0,0,0,0,0.00844890707571488,"Morena","Morena","Retiene"
"183","25.3",92063,63600,0,0,0,0,0,6905,4008,3728,2004,0,178133,332654,172308,1,1,0.534293242333496,1,0,0,0,0,0,"Ambas",0.535490329291095,1,88696,42884,64671,0,0,0,0,0,0,0,0,204193,321025,196251,1,1,1,0.451951837188091,1,0,0,0,0,0.0823414051454051,"Morena","Morena","Retiene"
"184","25.4",78956,59795,0,0,0,7455,728,4097,2734,1990,1404,0,161892,315556,157159,0,1,0.502395662990984,1,0,0,0,0,0,"Sólo VaXM",0.51303730558126,1,98289,28097,64444,0,0,0,0,0,0,0,0,197234,304001,190830,1,1,1,0.515060525074674,1,0,0,0,0,-0.0126648620836901,"Morena","Morena","Retiene"
"185","25.5",80843,55989,0,0,0,0,0,6915,3469,1502,3832,0,156354,319006,152550,1,1,0.52994428056375,1,0,0,0,0,0,"Ambas",0.490128712312621,1,99292,22224,41924,0,0,0,0,0,0,0,0,179352,295854,163440,1,1,1,0.607513460597161,1,0,0,0,0,-0.0775691800334115,"Morena","Morena","Retiene"
"186","25.6",72596,53656,0,0,0,3847,8044,5603,6968,1431,3309,0,161256,312006,155454,0,1,0.466993451439011,1,0,0,0,0,0,"Sólo VaXM",0.516836214688179,1,82309,34719,52322,0,0,0,0,0,0,0,0,175381,294027,169350,1,1,1,0.486028934160024,1,0,0,0,0,-0.0190354827210127,"Morena","Morena","Retiene"
"187","25.7",73314,50509,0,0,0,0,0,6495,3049,1729,2129,0,141475,324610,137225,1,1,0.534261249772272,1,0,0,0,0,0,"Ambas",0.435830689134654,1,94263,24163,45139,0,0,0,0,0,0,0,0,168215,305860,163565,1,1,1,0.576302998807813,1,0,0,0,0,-0.0420417490355416,"Morena","Morena","Retiene"
"188","26.1",48358,37355,0,0,0,5568,4151,6267,4247,955,3847,0,114517,302495,110748,0,1,0.436648968830137,1,0,0,0,0,0,"Sólo VaXM",0.3785748524769,1,63611,30858,35432,0,0,0,0,0,0,0,0,134665,288070,129901,1,1,1,0.489688301090831,1,0,0,0,0,-0.0530393322606938,"Morena","Morena","Retiene"
"189","26.2",61359,48059,0,0,0,0,0,9047,10032,1905,2514,0,137781,352802,132916,1,1,0.46163742514069,1,0,0,0,0,0,"Ambas",0.390533500376982,1,72500,40015,44375,0,0,0,0,0,0,0,0,162585,NA,156890,1,1,1,0.462107208872458,1,0,0,0,0,-0.000469783731768092,"Morena","Morena","Retiene"
"190","26.3",65710,44890,0,0,0,0,0,16508,1494,1229,2429,0,135851,327277,132260,1,1,0.49682443671556,1,0,0,0,0,0,"Ambas",0.415094858483792,1,71776,33369,40060,0,0,0,0,0,0,0,0,150204,304062,145205,1,1,1,0.494308047243552,1,0,0,0,0,0.00251638947200805,"Morena","Morena","Retiene"
"191","26.4",60709,42460,0,0,0,5027,18324,10802,2190,2462,4118,0,151459,294879,146092,0,1,0.415553213043835,1,0,0,0,0,0,"Sólo VaXM",0.513631014755205,1,70175,32796,56202,0,0,0,0,0,0,0,0,165384,NA,159173,1,1,1,0.440872509784951,1,0,0,0,0,-0.0253192967411155,"Morena","Morena","Retiene"
"192","26.5",64919,62682,0,0,0,0,0,10305,1757,715,2087,0,146208,310854,142465,1,1,0.455683852174218,1,0,0,0,0,0,"Ambas",0.470342990600089,1,69949,34554,45350,0,0,0,0,0,0,0,0,155100,NA,149853,1,1,1,0.466784115099464,1,0,0,0,0,-0.0111002629252459,"Morena","Morena","Retiene"
"193","26.6",60877,40720,0,0,0,3143,3567,16486,2551,1265,3362,0,135722,324838,131971,0,1,0.461290738116707,1,0,0,0,0,0,"Sólo VaXM",0.417814418263873,0,88368,18011,36390,0,0,0,0,0,0,0,0,165465,NA,142769,1,1,1,0.618957897022463,1,0,0,0,0,-0.157667158905755,"Morena","Morena","Retiene"
"194","26.7",74457,43706,0,0,0,0,0,7182,2585,2995,1933,0,137101,274599,132858,1,1,0.560425416610215,1,0,0,0,0,0,"Ambas",0.499277127738994,0,73262,29943,45772,0,0,0,0,0,0,0,0,154702,NA,148977,1,1,1,0.491767185538707,1,0,0,0,0,0.0686582310715081,"Morena","Morena","Retiene"
"195","27.1",87842,22155,0,0,0,18607,1361,2147,7037,2727,1121,0,147069,255771,142997,0,1,0.614292607537221,1,0,0,0,0,0,"Sólo VaXM",0.575002639079489,0,113164,19426,0,0,16657,0,13512,0,0,3363,0,174384,244672,166122,1,1,0,0.681210194916989,1,0,0,0,0,-0.0669175873797677,"Morena","Morena","Retiene"
"196","27.2",95430,47011,0,0,0,6160,3429,2131,2717,2772,1349,0,165626,311717,160999,0,1,0.592736600848452,1,0,0,0,0,0,"Sólo VaXM",0.531334511752647,0,132751,41469,0,0,18951,0,4736,0,0,1404,0,208616,300820,199311,1,1,0,0.6660495406676,1,0,0,0,0,-0.0733129398191474,"Morena","Morena","Retiene"
"197","27.3",84500,41382,0,0,0,1817,1934,4191,3004,1940,2370,0,145298,252245,141138,0,1,0.598704813728408,1,0,0,0,0,0,"Sólo VaXM",0.576019346270491,0,105341,34043,0,0,20329,0,4373,0,0,1379,0,172302,240831,165465,1,1,0,0.636636146617109,1,0,0,0,0,-0.0379313328887017,"Morena","Morena","Retiene"
"198","27.4",92162,32002,0,0,0,3859,2826,3187,2108,1916,3300,0,145907,310991,141360,0,1,0.651966610073571,1,0,0,0,0,0,"Sólo VaXM",0.469167918042644,1,173408,15157,0,0,16598,0,4908,0,0,3193,0,218926,309831,213264,1,1,0,0.813114262135194,1,0,0,0,0,-0.161147652061623,"Morena","Morena","Retiene"
"199","27.5",95805,25119,0,0,0,16170,9500,7368,4606,9400,10698,0,184945,313335,178666,0,1,0.536224015761253,1,0,0,0,0,0,"Sólo VaXM",0.590246860389041,0,153578,27205,0,0,19818,0,11217,0,0,2177,0,222016,295256,213995,1,1,0,0.717670973620879,1,0,0,0,0,-0.181446957859626,"Morena","Morena","Retiene"
"200","27.6",89139,26430,0,0,0,6428,1880,11935,2423,1908,3381,0,148182,308706,143524,0,1,0.621073827373819,1,0,0,0,0,0,"Sólo VaXM",0.480010106703465,0,139882,18827,0,0,20025,0,12952,0,0,2857,0,204514,296208,194543,1,1,0,0.719028698025629,1,0,0,0,0,-0.0979548706518103,"Morena","Morena","Retiene"
"201","28.1",66422,0,59758,11630,955,0,0,3267,1958,1478,2249,0,151034,324668,147717,1,0,0.449657114617816,1,0,0,0,0,0,"Sólo JHH",0.465195214804046,1,58335,58988,0,0,34764,0,5359,0,0,3234,0,165331,310391,160680,1,1,0,0.363050784167289,0,0,1,0,0,0.0866063304505275,"Alianza PAN","Morena","Obtiene"
"202","28.2",56755,0,49815,12285,1163,0,0,4230,5578,1316,2299,0,136676,288784,133441,1,0,0.425319054863198,1,0,0,0,0,0,"Sólo JHH",0.473281068203225,1,68811,61524,0,0,22332,0,4756,0,0,2093,0,163861,280245,159516,1,1,0,0.431373655307305,1,0,0,0,0,-0.00605460044410661,"Morena","Morena","Retiene"
"203","28.3",68951,0,50591,21123,1925,0,0,3881,2516,1684,1702,0,156176,307311,152373,1,0,0.45251455310324,1,0,0,0,0,0,"Sólo JHH",0.508201789067101,0,64331,62800,0,0,39578,0,2828,0,0,3162,0,178218,293905,172699,1,1,0,0.372503604537374,1,0,0,0,0,0.0800109485658658,"Morena","Morena","Retiene"
"204","28.4",86414,0,37205,11810,1083,0,0,3142,1838,1048,1332,0,146758,314138,143872,1,0,0.600631116548043,1,0,0,0,0,0,"Sólo JHH",0.46717684584482,1,67327,61888,0,0,33559,0,3143,0,0,2484,0,172615,298768,168401,1,1,0,0.399801663885606,1,0,0,0,0,0.200829452662436,"Morena","Morena","Retiene"
"205","28.5",63793,0,75147,28546,1503,0,0,8891,2558,2966,1836,0,189047,307769,185240,1,0,0.344380263442021,0,0,1,0,0,0,"Sólo JHH",0.614249648275167,0,61461,74617,0,0,55843,0,5144,0,0,1932,0,206114,299833,198997,1,1,0,0.308853902320135,0,0,1,0,0,0.0355263611218857,"Alianza PAN","PAN","Opositor"
"206","28.6",60542,0,73171,26955,1611,7381,6940,6465,2576,2108,1616,0,195398,287847,189365,0,0,0.31971061178148,0,0,1,0,0,0,"Sin coals.",0.678825904039299,1,46517,99293,0,0,40511,0,4634,0,0,4660,0,203304,280872,195615,1,1,0,0.237798737315646,0,0,1,0,0,0.0819118744658347,"Alianza PAN","PAN","Opositor"
"207","28.7",82118,0,54402,6969,2926,0,0,5027,4944,1698,1684,0,163137,298881,159768,1,0,0.513982775023785,1,0,0,0,0,0,"Sólo JHH",0.545825930721592,1,79777,55401,0,0,31000,0,4746,0,0,2403,0,181628,284880,173327,1,1,0,0.460268740588598,1,0,0,0,0,0.0537140344351861,"Morena","Morena","Retiene"
"208","28.8",76557,0,79493,4732,1119,0,0,5883,2456,2170,1102,0,176405,300467,173512,1,0,0.44122020378994,0,0,1,0,0,0,"Sólo JHH",0.587102743396113,0,77986,72357,0,0,30146,0,5654,0,0,2266,0,199155,297197,188409,1,1,0,0.413918655690546,1,0,0,0,0,0.027301548099394,"Morena","PAN","Pierde"
"209","28.9",66722,0,36402,7803,1359,0,0,3871,4633,1685,1229,0,126741,306122,123704,1,0,0.539368169178038,1,0,0,0,0,0,"Sólo JHH",0.414021207231104,0,79698,55980,0,0,13014,0,3830,0,0,2265,0,158602,282654,154787,1,1,0,0.514888201205528,1,0,0,0,0,0.0244799679725103,"Morena","Morena","Retiene"
"210","29.1",75684,65859,0,0,0,0,0,5538,4806,9522,7057,30928,210088,318970,199394,1,1,0.379570097395107,1,0,0,0,0,0,"Ambas",0.658645013637646,0,96193,44473,43296,0,0,0,0,0,0,0,0,193849,300472,183962,1,1,1,0.522896032876355,1,0,0,0,0,-0.143325935481248,"Morena","Morena","Retiene"
"211","29.2",111663,57171,0,0,0,0,0,11809,5436,9520,12054,0,218618,328630,207653,1,1,0.53773843864524,1,0,0,0,0,0,"Ambas",0.665240544076925,0,126818,40291,41488,0,0,0,0,0,0,0,0,215999,312644,208597,1,1,1,0.607956969659199,1,0,0,0,0,-0.0702185310139595,"Morena","Morena","Retiene"
"212","29.3",86926,65678,0,0,0,5829,14700,6834,5873,11861,8588,0,218460,325798,206289,0,1,0.421379714866037,1,0,0,0,0,0,"Sólo VaXM",0.670538186238098,0,129632,28366,34863,0,0,0,0,0,0,0,0,200575,308900,192861,1,1,1,0.672152482876268,1,0,0,0,0,-0.250772768010231,"Morena","Morena","Retiene"
"213","3.1",71821,71579,0,0,0,0,0,5900,3822,1665,4254,0,164171,292920,159041,1,1,0.451587955307122,1,0,0,0,0,0,"Ambas",0.560463607811006,0,81734,51967,0,0,18004,0,5903,0,0,8879,0,173254,277795,166487,1,1,0,0.490933226017647,1,0,0,0,0,-0.039345270710525,"Morena","Morena","Retiene"
"214","3.2",56895,41074,0,0,0,0,0,3277,2577,2608,5527,0,115715,268732,111958,1,1,0.5081816395434,1,0,0,0,0,0,"Ambas",0.430596281797479,1,71591,33832,0,0,6937,0,7467,0,0,2338,0,126713,238351,122165,1,1,0,0.586018908852781,1,0,0,0,0,-0.0778372693093808,"Morena","Morena","Retiene"
"215","30.1",94160,50708,0,0,0,0,0,3455,8005,3655,5344,0,170235,248398,165327,1,1,0.569537946010029,1,0,0,0,0,0,"Ambas",0.685331604924355,0,60387,65696,0,0,21777,0,5154,0,0,2279,0,160788,NA,155293,1,1,0,0.388858480420882,0,0,1,0,0,0.180679465589147,"Alianza PAN","Morena","Obtiene"
"216","30.10",71541,66117,0,0,0,5094,3844,12127,4265,2612,3798,0,175902,329779,169398,0,1,0.422324938901286,1,0,0,0,0,0,"Sólo VaXM",0.533393575697664,1,119386,54446,0,0,20241,0,13068,0,0,4579,0,219025,323195,211720,1,1,0,0.563886264878141,1,0,0,0,0,-0.141561325976855,"Morena","Morena","Retiene"
"217","30.11",93989,37587,0,0,0,3888,3239,9386,4130,1530,5443,0,163995,303140,159192,0,1,0.59041283481582,1,0,0,0,0,0,"Sólo VaXM",0.540987662466187,1,130383,40473,0,0,17122,0,1999,0,0,3124,0,197973,305208,193101,1,1,0,0.675206239221962,1,0,0,0,0,-0.0847934044061417,"Morena","Morena","Retiene"
"218","30.12",73930,92189,0,0,0,0,0,11013,2771,2966,3178,0,190392,339448,186047,1,1,0.397372706896644,0,1,0,0,0,0,"Ambas",0.560887087271099,0,79327,102580,0,0,21237,0,7266,0,0,2089,0,218890,336028,212499,1,1,0,0.373305286142523,0,0,1,0,0,0.0240674207541214,"Alianza PAN","VaXM","Opositor"
"219","30.13",88226,77115,0,0,0,0,0,20464,3637,2425,5122,0,203580,313219,196989,1,1,0.447872723857677,1,0,0,0,0,0,"Ambas",0.64996057071889,0,81930,71591,0,0,26004,0,8527,0,0,4078,0,199822,303513,192130,1,1,0,0.426430021339718,1,0,0,0,0,0.0214427025179594,"Morena","Morena","Retiene"
"220","30.14",97933,39868,0,0,0,0,0,3827,5472,3279,6110,0,161442,280557,156489,1,1,0.625813954974471,1,0,0,0,0,0,"Ambas",0.575433869053347,0,97734,47716,0,0,21548,0,2677,0,0,1774,0,176997,276057,171449,1,1,0,0.570047069390898,1,0,0,0,0,0.0557668855835735,"Morena","Morena","Retiene"
"221","30.15",79989,78837,0,0,0,0,0,15399,5355,4104,3092,0,192633,308333,186776,1,1,0.428261661027113,1,0,0,0,0,0,"Ambas",0.624756351087947,1,92896,64242,0,0,20509,0,9112,0,0,2889,0,197126,292558,189648,1,1,0,0.489833797350882,1,0,0,0,0,-0.0615721363237689,"Morena","Morena","Retiene"
"222","30.16",94208,60293,0,0,0,0,0,11575,3926,4609,7524,0,188224,315982,182135,1,1,0.517242704587257,1,0,0,0,0,0,"Ambas",0.595679500731054,0,101673,52698,0,0,24589,0,15677,0,0,4474,0,205640,302994,199111,1,1,0,0.510634771559582,1,0,0,0,0,0.00660793302767437,"Morena","Morena","Retiene"
"223","30.17",95803,44151,0,0,0,0,0,15174,4788,5872,8434,0,182154,292926,174222,1,1,0.549890369758125,1,0,0,0,0,0,"Ambas",0.621843059339219,1,82176,63118,0,0,22715,0,2622,0,0,1973,0,179916,287016,172604,1,1,0,0.476095571365669,1,0,0,0,0,0.0737947983924553,"Morena","Morena","Retiene"
"224","30.18",95547,64458,0,0,0,0,0,9421,8810,8000,9079,0,205131,299378,195315,1,1,0.489194378311958,1,0,0,0,0,0,"Ambas",0.685190628569902,0,84411,62016,0,0,31627,0,4851,0,0,3248,0,196108,283145,186153,1,1,0,0.45344958179562,1,0,0,0,0,0.0357447965163379,"Morena","Morena","Retiene"
"225","30.19",89380,38755,0,0,0,0,0,28956,6116,8177,5477,0,183817,312803,176861,1,1,0.505368622816788,1,0,0,0,0,0,"Ambas",0.587644619776665,1,80650,68597,0,0,14539,0,9909,0,0,5581,0,187978,303659,179276,1,1,0,0.449865012606261,1,0,0,0,0,0.0555036102105276,"Morena","Morena","Retiene"
"226","30.2",82192,81585,0,0,0,0,0,7069,3786,3190,2596,0,187559,257336,180418,1,1,0.455564300679533,1,0,0,0,0,0,"Ambas",0.728848664780676,0,54891,77320,0,0,24793,0,10495,0,0,2274,0,176760,246309,169773,1,1,0,0.323319962538213,0,0,1,0,0,0.13224433814132,"Alianza PAN","Morena","Obtiene"
"227","30.20",96941,50342,0,0,0,3426,3425,11110,6342,7045,7982,0,193758,304779,186613,0,1,0.519476135103128,1,0,0,0,0,0,"Sólo VaXM",0.635732776864548,0,112103,43865,0,0,25665,0,3059,0,0,3465,0,194455,297029,188157,1,1,0,0.595795000983221,1,0,0,0,0,-0.0763188658800936,"Morena","Morena","Retiene"
"228","30.3",73368,43162,0,0,0,0,0,13604,3571,2726,10617,0,151322,259159,147048,1,1,0.498939121919373,1,0,0,0,0,0,"Ambas",0.583896372497193,1,69833,51912,0,0,26868,0,8272,0,0,1997,0,164024,248900,158882,1,1,0,0.439527448043202,1,0,0,0,0,0.0594116738761714,"Morena","Morena","Retiene"
"229","30.4",75857,66572,0,0,0,0,0,4899,1758,1696,1961,0,156127,340227,152743,1,1,0.496631596865323,1,0,0,0,0,0,"Ambas",0.458890681809498,0,81784,78548,0,0,11609,0,8258,0,0,2480,0,188144,321098,182679,1,1,0,0.447692400330635,1,0,0,0,0,0.0489391965346882,"Morena","Morena","Retiene"
"230","30.5",67528,41953,0,0,0,0,0,7055,5500,3593,6423,0,135973,254444,132052,1,1,0.511374307091146,1,0,0,0,0,0,"Ambas",0.534392636493688,1,74208,64047,0,0,15064,0,3352,0,0,2264,0,163368,250521,158935,1,1,0,0.46690785541259,1,0,0,0,0,0.0444664516785559,"Morena","Morena","Retiene"
"231","30.6",68655,63904,0,0,0,13259,6803,19208,5127,4066,3045,0,189296,298662,184067,0,1,0.372989183286521,1,0,0,0,0,0,"Sólo VaXM",0.633813474764115,1,75374,66131,0,0,26163,0,10725,0,0,2854,0,187336,286127,181247,1,1,0,0.415863434980993,1,0,0,0,0,-0.0428742516944721,"Morena","Morena","Retiene"
"232","30.7",61963,46332,0,0,0,11371,8251,12108,8873,9138,5715,0,171689,296007,163751,0,1,0.378397689174417,1,0,0,0,0,0,"Sólo VaXM",0.580016688794522,0,88713,53605,0,0,22696,0,7517,0,0,3479,0,183135,283027,176010,1,1,0,0.504022498721663,1,0,0,0,0,-0.125624809547246,"Morena","Morena","Retiene"
"233","30.8",97242,58256,0,0,0,0,0,27188,5101,8449,16474,0,221284,334411,212710,1,1,0.457157632457336,1,0,0,0,0,0,"Ambas",0.661712682896197,1,86679,77877,0,0,28938,0,7073,0,0,2694,0,211308,315892,203261,1,1,0,0.426441865384899,1,0,0,0,0,0.0307157670724371,"Morena","Morena","Retiene"
"234","30.9",62147,70561,0,0,0,7771,6511,15091,3983,8023,4410,0,186708,290671,178497,0,1,0.34816831655434,0,1,0,0,0,0,"Sólo VaXM",0.642334460610106,1,69757,68751,0,0,33365,0,3173,0,0,1959,0,184162,272503,177005,1,1,0,0.394096211971413,1,0,0,0,0,-0.0459278954170734,"Morena","VaXM","Pierde"
"235","31.1",53694,0,87609,65892,2277,3549,2568,3474,2129,1176,2407,0,229899,300533,224775,0,0,0.238878878878879,0,0,1,0,0,0,"Sin coals.",0.764970901697983,0,56021,66462,96682,0,0,0,0,0,0,0,0,224743,278151,219165,1,1,1,0.255611069285698,0,1,0,0,0,-0.0167321904068191,"Alianza PRI","PAN","Opositor"
"236","31.2",79357,0,57804,49277,8023,0,0,10620,6657,1389,3929,0,223610,318248,217056,1,0,0.365606110865399,1,0,0,0,0,0,"Sólo JHH",0.702628139061361,1,50496,72240,90622,0,0,0,0,0,0,0,0,220513,NA,213358,1,1,1,0.23667263472661,0,1,0,0,0,0.128933476138789,"Alianza PRI","Morena","Obtiene"
"237","31.3",53650,0,55580,45909,1348,1819,1478,3190,1545,698,2043,0,172350,368668,167260,0,0,0.320758101159871,0,0,1,0,0,0,"Sin coals.",0.467493788449228,0,80746,79782,62039,0,0,0,0,0,0,0,0,229179,341019,222567,1,1,1,0.362794124915194,1,0,0,0,0,-0.0420360237553232,"Morena","PAN","Pierde"
"238","31.4",49420,0,96138,33671,1321,1989,1280,4821,1797,671,2549,0,198480,360059,193657,0,0,0.255193460603025,0,0,1,0,0,0,"Sin coals.",0.551242990732075,0,76004,105058,61209,0,0,0,0,0,0,0,0,248757,338827,242271,1,1,1,0.313714806972357,0,0,1,0,0,-0.0585213463693324,"Alianza PAN","PAN","Opositor"
"239","31.5",76779,0,68360,53914,11019,0,0,9722,2948,1385,4404,0,235141,312556,228531,1,0,0.335967549260275,1,0,0,0,0,0,"Sólo JHH",0.752316384903825,0,50717,78979,96751,0,0,0,0,0,0,0,0,232880,NA,226447,1,1,1,0.223968522435713,0,1,0,0,0,0.111999026824562,"Alianza PRI","Morena","Obtiene"
"240","32.1",69222,62247,0,0,0,0,0,3841,5290,992,6414,0,153019,288032,148006,1,1,0.467697255516668,1,0,0,0,0,0,"Ambas",0.531256943672925,0,80485,34454,53033,0,0,0,0,0,0,0,0,174427,277083,167972,1,1,1,0.479157240492463,1,0,0,0,0,-0.0114599849757948,"Morena","Morena","Retiene"
"241","32.2",76233,80012,0,0,0,0,0,7157,5007,1055,4380,0,180218,317403,173844,1,1,0.438513839994478,0,1,0,0,0,0,"Ambas",0.56778921434265,1,60145,58620,67381,0,0,0,0,0,0,0,0,194623,307015,186146,1,1,1,0.323106593748993,0,1,0,0,0,0.115407246245485,"Alianza PRI","VaXM","Opositor"
"242","32.3",81360,67761,0,0,0,0,0,6815,9284,1605,5742,0,180106,301068,172567,1,1,0.47146905259986,1,0,0,0,0,0,"Ambas",0.598223657114007,1,85164,29061,73038,0,0,0,0,0,0,0,0,195467,291084,187263,1,1,1,0.454782845516733,1,0,0,0,0,0.0166862070831266,"Morena","Morena","Retiene"
"243","32.4",62942,65345,0,0,0,4952,17798,6940,4230,2003,8815,0,180280,304537,173025,0,1,0.363774021095217,0,1,0,0,0,0,"Sólo VaXM",0.591980613193142,1,81577,33168,71559,0,0,0,0,0,0,0,0,193857,287277,186304,1,1,1,0.437870362418413,1,0,0,0,0,-0.0740963413231955,"Morena","VaXM","Pierde"
"244","4.1",84232,73447,0,0,0,3072,4450,51026,2015,3189,1529,0,228380,335377,222960,0,1,0.377789738069609,1,0,0,0,0,0,"Sólo VaXM",0.680965003563154,0,97594,47943,84634,0,0,0,0,0,0,0,0,237767,321907,230171,1,1,1,0.424006499515578,1,0,0,0,0,-0.0462167614459686,"Morena","Morena","Retiene"
"245","4.2",88485,63033,0,0,0,2551,3205,28966,1531,1761,821,0,196074,333373,190353,0,1,0.46484688972593,1,0,0,0,0,0,"Sólo VaXM",0.588152009910821,0,107969,37682,58035,0,0,0,0,0,0,0,0,211533,320149,203686,1,1,1,0.53007570476125,1,0,0,0,0,-0.06522881503532,"Morena","Morena","Retiene"
"246","5.1",86783,0,20654,55528,962,0,0,3027,1735,1001,2415,0,175805,334986,172105,1,0,0.504244501902908,1,0,0,0,0,0,"Sólo JHH",0.524812977258751,0,46726,74533,59042,0,0,0,0,0,0,0,0,184632,316626,180301,1,1,1,0.259155523263875,0,0,1,0,0,0.245088978639033,"Alianza PAN","Morena","Obtiene"
"247","5.2",86991,0,18404,75847,1930,0,0,3234,1904,879,3158,0,196685,314549,192347,1,0,0.452260757901085,1,0,0,0,0,0,"Sólo JHH",0.625292084858003,1,72368,47721,67446,0,0,0,0,0,0,0,0,192812,299448,187535,1,1,1,0.385890633748367,1,0,0,0,0,0.066370124152718,"Morena","Morena","Retiene"
"248","5.3",55971,0,53858,60769,1004,0,0,5193,1069,550,8588,0,190464,323421,187002,1,0,0.299306959283858,0,0,0,1,0,0,"Sólo JHH",0.588904245549918,1,72399,61061,60286,0,0,0,0,0,0,0,0,199468,313766,193746,1,1,1,0.373679972747824,1,0,0,0,0,-0.0743730134639666,"Morena","PRI","Pierde"
"249","5.4",62203,0,20459,90787,1340,0,0,3903,1286,505,1449,0,185949,339754,181932,1,0,0.341902469054372,0,0,0,1,0,0,"Sólo JHH",0.547304814660019,0,61758,60753,71576,0,0,0,0,0,0,0,0,199379,316909,194087,1,1,1,0.318197509364357,0,1,0,0,0,0.0237049596900147,"Alianza PRI","PRI","Opositor"
"250","5.5",64472,0,43303,74205,1038,0,0,1695,611,635,1438,0,190564,302880,187397,1,0,0.34403965911941,0,0,0,1,0,0,"Sólo JHH",0.629173269941891,0,67691,76697,60505,0,0,0,0,0,0,0,0,208512,302651,204893,1,1,1,0.330372438297062,0,0,1,0,0,0.0136672208223472,"Alianza PAN","PRI","Opositor"
"251","5.6",71729,0,21310,79712,2435,0,0,2082,995,691,5409,0,188144,314629,184363,1,0,0.389063966197122,0,0,0,1,0,0,"Sólo JHH",0.597986835288546,0,79693,40235,64441,0,0,0,0,0,0,0,0,187471,290378,184369,1,1,1,0.432247286691364,1,0,0,0,0,-0.0431833204942416,"Morena","PRI","Pierde"
"252","5.7",60421,0,12681,79397,6213,3362,1913,4363,1412,768,4851,0,180237,331841,175381,0,0,0.344512803553407,0,0,0,1,0,0,"Sin coals.",0.543142649642449,0,69543,42533,74777,0,0,0,0,0,0,0,0,192704,314320,186853,1,1,1,0.372180270051859,0,1,0,0,0,-0.0276674664984524,"Alianza PRI","PRI","Opositor"
"253","6.1",45758,49660,0,0,0,20160,3931,28765,3610,1699,4515,0,162844,292619,158098,0,1,0.289428076256499,0,1,0,0,0,0,"Sólo VaXM",0.556505216681077,0,67207,52500,55826,0,0,0,0,0,0,0,0,181720,277346,175533,1,1,1,0.382873875567557,1,0,0,0,0,-0.093445799311058,"Morena","VaXM","Pierde"
"254","6.2",45746,30074,0,0,0,30126,3342,9584,5557,1439,5022,0,134852,263700,130890,0,1,0.349499579799832,1,0,0,0,0,0,"Sólo VaXM",0.511384148653773,1,81716,25740,40104,0,0,0,0,0,0,0,0,153211,253374,147560,1,1,1,0.553781512605042,1,0,0,0,0,-0.20428193280521,"Morena","Morena","Retiene"
"255","7.1",138808,14559,0,0,0,0,0,4214,9637,13149,2361,0,196433,264887,182728,1,1,0.759642747690557,1,0,0,0,0,0,"Ambas",0.741572821618275,1,92712,13313,54860,0,0,0,0,0,0,0,0,179502,NA,160885,1,1,1,0.576262547782578,1,0,0,0,0,0.183380199907979,"Morena","Morena","Retiene"
"256","7.10",120978,18888,0,0,0,0,0,4600,15211,3465,2201,0,176337,294529,165343,1,1,0.731678994574914,1,0,0,0,0,0,"Ambas",0.598708446366911,0,81994,9853,80154,0,0,0,0,0,0,0,0,191154,NA,172001,1,1,1,0.476706530775984,1,0,0,0,0,0.25497246379893,"Morena","Morena","Retiene"
"257","7.11",89151,14969,0,0,0,0,0,2340,26254,2496,1731,0,150769,213227,136941,1,1,0.651017591517515,1,0,0,0,0,0,"Ambas",0.707082123746055,1,46853,28635,69172,0,0,0,0,0,0,0,0,162199,NA,144660,1,1,1,0.323883589105489,0,1,0,0,0,0.327134002412026,"Alianza PRI","Morena","Obtiene"
"258","7.12",70041,29798,0,0,0,20835,10974,3950,8758,4775,1884,0,158579,303775,151015,0,1,0.463801609111678,1,0,0,0,0,0,"Sólo VaXM",0.522027816640606,1,122521,19763,36994,0,0,0,0,0,0,0,0,189896,293222,179278,1,1,1,0.683413469583552,1,0,0,0,0,-0.219611860471874,"Morena","Morena","Retiene"
"259","7.13",102458,22563,0,0,0,0,0,3036,15494,8599,1447,0,165002,264527,153597,1,1,0.66705729929621,1,0,0,0,0,0,"Ambas",0.623762413666658,0,81522,19760,58883,0,0,0,0,0,0,0,0,177398,NA,160165,1,1,1,0.508987606530765,1,0,0,0,0,0.158069692765445,"Morena","Morena","Retiene"
"260","7.2",90377,64117,0,0,0,0,0,2702,14607,2773,4288,0,194517,272398,178864,1,1,0.505283343769568,1,0,0,0,0,0,"Ambas",0.714091146043657,0,60679,20332,78884,0,0,0,0,0,0,0,0,176782,NA,159895,1,1,1,0.379492792144845,0,1,0,0,0,0.125790551624723,"Alianza PRI","Morena","Obtiene"
"261","7.3",74083,5164,0,0,0,60315,21170,2921,4040,4675,1336,0,181939,259872,173704,0,1,0.4264898908488,1,0,0,0,0,0,"Sólo VaXM",0.70011005418052,1,70356,10517,63422,0,0,0,0,0,0,0,0,156673,235285,144295,1,1,1,0.487584462386084,1,0,0,0,0,-0.0610945715372838,"Morena","Morena","Retiene"
"262","7.4",72112,37541,0,0,0,37628,11283,5397,10728,6440,2493,0,195572,279029,183622,0,1,0.392719826600298,1,0,0,0,0,0,"Sólo VaXM",0.700902056775461,0,96155,20223,57296,0,0,0,0,0,0,0,0,189920,NA,173674,1,1,1,0.553652245010767,1,0,0,0,0,-0.160932418410469,"Morena","Morena","Retiene"
"263","7.5",65830,72131,0,0,0,0,0,5871,10085,6249,2991,0,177117,296936,163157,1,1,0.403476406160937,0,1,0,0,0,0,"Ambas",0.596482070210416,1,103223,17082,64433,0,0,0,0,0,0,0,0,198838,276588,184738,1,1,1,0.558753477898429,1,0,0,0,0,-0.155277071737492,"Morena","VaXM","Pierde"
"264","7.6",112255,30665,0,0,0,0,0,9962,6207,4802,4212,0,178673,327399,168103,1,1,0.667775114066971,1,0,0,0,0,0,"Ambas",0.545734715133522,0,123183,28028,37482,0,0,0,0,0,0,0,0,203159,308774,188693,1,1,1,0.652822309253655,1,0,0,0,0,0.0149528048133155,"Morena","Morena","Retiene"
"265","7.7",110741,21806,0,0,0,0,0,3716,12695,11198,3065,0,170399,291793,163221,1,1,0.678472745541321,1,0,0,0,0,0,"Ambas",0.583972199470172,0,95287,15037,59076,0,0,0,0,0,0,0,0,181417,NA,169400,1,1,1,0.562497048406139,1,0,0,0,0,0.115975697135182,"Morena","Morena","Retiene"
"266","7.8",104302,28734,0,0,0,0,0,5127,6544,3763,2760,0,162085,271504,151230,1,1,0.68969119883621,1,0,0,0,0,0,"Ambas",0.596989362955979,0,94677,15432,74527,0,0,0,0,0,0,0,0,204767,NA,184636,1,1,1,0.512776489958621,1,0,0,0,0,0.176914708877589,"Morena","Morena","Retiene"
"267","7.9",66911,35520,0,0,0,0,0,14612,4573,6542,2404,0,137393,319920,130562,1,1,0.512484490127296,1,0,0,0,0,0,"Ambas",0.429460490122531,1,140689,23042,20852,0,0,0,0,0,0,0,0,195258,313545,184583,1,1,1,0.762199119095475,1,0,0,0,0,-0.249714628968179,"Morena","Morena","Retiene"
"268","8.1",63896,30178,0,0,0,3807,2459,8822,2711,944,1991,0,118817,328503,114808,0,1,0.556546582119713,1,0,0,0,0,0,"Sólo VaXM",0.361692282871085,0,75178,22112,0,0,14696,0,7009,0,0,3784,0,144731,294799,122779,1,1,0,0.612303406934411,1,0,0,0,0,-0.0557568248146978,"Morena","Morena","Retiene"
"269","8.2",59680,42763,0,0,0,0,0,10691,3166,832,2434,0,124016,309994,119566,1,1,0.49913855109312,1,0,0,0,0,0,"Ambas",0.400059355987535,1,54026,38077,0,0,20282,0,7300,0,0,3301,0,142514,286909,122986,1,1,0,0.439285772364334,1,0,0,0,0,0.059852778728786,"Morena","Morena","Retiene"
"270","8.3",58908,26844,0,0,0,0,0,7624,2776,839,1955,0,102600,299748,98946,1,1,0.5953550421442,1,0,0,0,0,0,"Ambas",0.342287521518075,0,51024,18822,0,0,20789,0,4749,0,0,3334,0,126983,NA,98718,1,1,0,0.516866225004558,1,0,0,0,0,0.0784888171396414,"Morena","Morena","Retiene"
"271","8.4",64162,73600,0,0,0,0,0,10326,3221,1614,2394,0,159471,344702,155317,1,1,0.413103523761082,0,1,0,0,0,0,"Ambas",0.462634391445364,1,66453,46884,0,0,26363,0,8101,0,0,4572,0,180825,331502,152373,1,1,0,0.43612057254238,1,0,0,0,0,-0.0230170487812974,"Morena","VaXM","Pierde"
"272","8.5",38381,102623,0,0,0,0,0,18891,4214,1002,1260,0,171850,339372,166371,1,1,0.230695253379495,0,1,0,0,0,0,"Ambas",0.506376483622691,1,58544,66792,0,0,36089,0,4920,0,0,10581,0,184999,322473,176926,1,1,0,0.330895402597696,0,0,1,0,0,-0.100200149218201,"Alianza PAN","VaXM","Opositor"
"273","8.6",43010,0,124009,12308,1294,4217,2015,11788,2865,740,1504,0,208131,366545,203750,0,0,0.211092024539877,0,0,1,0,0,0,"Sin coals.",0.56781841247323,0,59800,103469,0,0,32374,0,8192,0,0,5455,0,216410,347451,209290,1,1,0,0.285727937311864,0,0,1,0,0,-0.0746359127719866,"Alianza PAN","PAN","Opositor"
"274","8.7",37850,83298,0,0,0,0,0,11547,2799,1482,1230,0,145038,296556,138206,1,1,0.273866547038479,0,1,0,0,0,0,"Ambas",0.489074576134019,1,58134,47443,0,0,32136,0,4026,0,0,4199,0,155503,289173,145938,1,1,0,0.398347243349916,1,0,0,0,0,-0.124480696311437,"Morena","VaXM","Pierde"
"275","8.8",56743,0,78315,10829,1694,0,0,11025,2974,1126,1611,0,168616,350155,164317,1,0,0.345326411752892,0,0,1,0,0,0,"Sólo JHH",0.481546743584984,0,60989,72378,0,0,29065,0,7281,0,0,5508,0,182568,331730,175221,1,1,0,0.348069009993094,0,0,1,0,0,-0.00274259824020218,"Alianza PAN","PAN","Opositor"
"276","8.9",31847,81813,0,0,0,0,0,23886,5671,1152,1729,0,154100,258950,146098,1,1,0.217983819080343,0,1,0,0,0,0,"Ambas",0.595095578296969,1,31405,53647,0,0,46148,0,8920,0,0,3822,0,155443,250459,143942,1,1,0,0.218178155090245,0,0,1,0,0,-0.000194336009901347,"Alianza PAN","VaXM","Opositor"
"277","9.1",73175,43846,0,0,0,4558,2927,4193,4085,1778,2911,0,143054,314910,137473,0,1,0.5322863398631,1,0,0,0,0,0,"Sólo VaXM",0.454269473817916,1,125878,50624,0,0,13976,0,8531,0,0,4089,0,210824,310869,203098,1,1,0,0.61978946124531,1,0,0,0,0,-0.0875031213822097,"Morena","Morena","Retiene"
"278","9.10",68399,110891,0,0,0,0,0,9080,1726,1049,2227,0,197201,323748,193372,1,1,0.353717187596963,0,1,0,0,0,0,"Ambas",0.609118820811248,1,97212,84747,0,0,24275,0,9466,0,0,3493,0,226419,319499,219193,1,1,0,0.443499564310904,1,0,0,0,0,-0.0897823767139407,"Morena","VaXM","Pierde"
"279","9.11",74398,71569,0,0,0,3602,3012,6563,2452,1157,3252,0,171460,306401,166005,0,1,0.448167223878799,1,0,0,0,0,0,"Sólo VaXM",0.559593473911639,0,105059,73570,0,0,19474,0,8118,0,0,3690,0,217159,306332,209911,1,1,0,0.50049306610897,1,0,0,0,0,-0.0523258422301712,"Morena","Morena","Retiene"
"280","9.12",52173,83262,0,0,0,3117,2289,5400,2339,1178,3166,0,157995,302186,152924,0,1,0.341169469801993,0,1,0,0,0,0,"Sólo VaXM",0.522840237469638,0,100687,53457,0,0,25073,0,9641,0,0,4091,0,200590,298033,192949,1,1,0,0.521832193999451,1,0,0,0,0,-0.180662724197457,"Morena","VaXM","Pierde"
"281","9.13",86918,79525,0,0,0,0,0,6070,3584,1798,4840,0,188085,359482,182735,1,1,0.475650532191425,1,0,0,0,0,0,"Ambas",0.523211176081139,1,135765,74275,0,0,21736,0,10341,0,0,4985,0,255873,357004,247102,1,1,0,0.549428980744794,1,0,0,0,0,-0.0737784485533689,"Morena","Morena","Retiene"
"282","9.14",56656,59160,0,0,0,3783,2822,11341,2030,1125,5984,0,148276,278674,142901,0,1,0.396470283622928,0,1,0,0,0,0,"Sólo VaXM",0.532076907067039,1,101941,54394,0,0,16141,0,8295,0,0,2690,0,190217,269751,183461,1,1,0,0.555654880328789,1,0,0,0,0,-0.159184596705861,"Morena","VaXM","Pierde"
"283","9.15",51520,172717,0,0,0,0,0,6565,1492,835,1957,0,239168,374479,235086,1,1,0.219153841572871,0,1,0,0,0,0,"Ambas",0.638668656987441,1,99717,113885,0,0,33518,0,11674,0,0,5271,0,272449,367723,264065,1,1,0,0.377622933747373,0,0,1,0,0,-0.158469092174502,"Alianza PAN","VaXM","Opositor"
"284","9.16",68605,88722,0,0,0,0,0,5915,2649,1052,4259,0,176303,331119,171202,1,1,0.400725458814733,0,1,0,0,0,0,"Ambas",0.532446039037325,1,114119,75062,0,0,20183,0,10283,0,0,3655,0,231894,326967,223302,1,1,0,0.511052296889414,1,0,0,0,0,-0.110326838074681,"Morena","VaXM","Pierde"
"285","9.17",65305,110004,0,0,0,0,0,5299,3964,1751,3931,0,195301,334994,190254,1,1,0.343251653053287,0,1,0,0,0,0,"Ambas",0.582998501465698,0,96100,72592,0,0,38106,0,8818,0,0,3327,0,226722,320805,218943,1,1,0,0.438927026669042,1,0,0,0,0,-0.0956753736157551,"Morena","VaXM","Pierde"
"286","9.18",66453,70640,0,0,0,7974,3295,6328,2721,1125,2541,0,167060,325066,161077,0,1,0.412554244243436,0,1,0,0,0,0,"Sólo VaXM",0.513926402638233,1,119001,71777,0,0,19088,0,10540,0,0,3763,0,232969,321491,224169,1,1,0,0.530853953936539,1,0,0,0,0,-0.118299709693103,"Morena","VaXM","Pierde"
"287","9.19",71656,48457,0,0,0,5333,3238,4652,2944,1058,2371,0,145055,305131,139709,0,1,0.512894659613912,1,0,0,0,0,0,"Sólo VaXM",0.475385981758654,1,122168,57196,0,0,15312,0,8462,0,0,3411,0,214262,299307,206549,1,1,0,0.591472241453602,1,0,0,0,0,-0.07857758183969,"Morena","Morena","Retiene"
"288","9.2",81028,99629,0,0,0,0,0,6085,2998,1555,3366,0,200108,369677,194661,1,1,0.416251842947483,0,1,0,0,0,0,"Ambas",0.541304977047531,0,128376,74266,0,0,26487,0,12119,0,0,7549,0,257722,NA,248797,1,1,0,0.515986929102843,1,0,0,0,0,-0.0997350861553598,"Morena","VaXM","Pierde"
"289","9.20",75296,41856,0,0,0,0,0,4418,2227,1105,2133,0,131115,290479,127035,1,1,0.592718542134058,1,0,0,0,0,0,"Ambas",0.451375142437147,1,112562,53697,0,0,14368,0,7310,0,0,3335,0,198875,286303,191272,1,1,0,0.588491781337572,1,0,0,0,0,0.00422676079648587,"Morena","Morena","Retiene"
"290","9.21",66578,47440,0,0,0,6872,5212,5840,4493,2041,4845,0,149910,330380,143321,0,1,0.464537646262585,1,0,0,0,0,0,"Sólo VaXM",0.45375022701132,1,123098,37790,0,0,20261,0,11320,0,0,4660,0,206997,314624,197129,1,1,0,0.624454037711346,1,0,0,0,0,-0.159916391448761,"Morena","Morena","Retiene"
"291","9.22",66910,23987,0,0,0,4054,3002,3206,2759,809,1818,0,111458,289994,106545,0,1,0.627997559716552,1,0,0,0,0,0,"Sólo VaXM",0.384345883018269,1,108814,54497,0,0,8791,0,6337,0,0,2883,0,188559,282855,181322,1,1,0,0.600114713051919,1,0,0,0,0,0.027882846664633,"Morena","Morena","Retiene"
"292","9.23",82828,101913,0,0,0,0,0,8331,2352,1201,3441,0,205720,361934,200066,1,1,0.414003378884968,0,1,0,0,0,0,"Ambas",0.56839092210182,1,128747,88704,0,0,22002,0,10307,0,0,4071,0,263058,358453,253831,1,1,0,0.50721543073935,1,0,0,0,0,-0.0932120518543822,"Morena","VaXM","Pierde"
"293","9.24",61922,104540,0,0,0,6043,3892,6100,2296,1213,3332,0,194566,338227,189338,0,1,0.327044755939114,0,1,0,0,0,0,"Sólo VaXM",0.575252714892661,1,111723,80605,0,0,25327,0,12234,0,0,5410,0,244362,336250,235299,1,1,0,0.474812897632374,1,0,0,0,0,-0.14776814169326,"Morena","VaXM","Pierde"
"294","9.3",89336,89070,0,0,0,0,0,4948,4049,1827,11213,0,206042,381923,200443,1,1,0.445692790469111,1,0,0,0,0,0,"Ambas",0.539485707852106,0,142060,80643,0,0,24059,0,11614,0,0,5198,0,273234,NA,263574,1,1,0,0.538975771510088,1,0,0,0,0,-0.0932829810409773,"Morena","Morena","Retiene"
"295","9.4",71022,40428,0,0,0,0,0,4553,3437,1175,2699,0,127440,288317,123314,1,1,0.575944337220429,1,0,0,0,0,0,"Ambas",0.442013478220154,1,113378,49625,0,0,12299,0,8520,0,0,2930,0,194304,280449,186752,1,1,0,0.607104609321453,1,0,0,0,0,-0.0311602721010239,"Morena","Morena","Retiene"
"296","9.5",54879,69181,0,0,0,0,0,11299,1663,1005,6696,0,149018,280902,144723,1,1,0.379200265334467,0,1,0,0,0,0,"Ambas",0.530498180860229,1,96243,54999,0,0,18118,0,9963,0,0,3190,0,189851,269909,182513,1,1,0,0.527321341493483,1,0,0,0,0,-0.148121076159016,"Morena","VaXM","Pierde"
"297","9.6",53164,100314,0,0,0,4608,6103,5770,3739,1345,5104,0,186340,326701,180147,0,1,0.295114545343525,0,1,0,0,0,0,"Sólo VaXM",0.570368624522117,1,101571,69329,0,0,32281,0,10424,0,0,3982,0,225901,315711,217587,1,1,0,0.466806380895917,1,0,0,0,0,-0.171691835552392,"Morena","VaXM","Pierde"
"298","9.7",81197,77963,0,0,0,4716,3519,5881,3113,1779,4026,0,188357,368661,182194,0,1,0.445662315992843,1,0,0,0,0,0,"Sólo VaXM",0.51092195811328,1,134693,80129,0,0,22330,0,10395,0,0,4211,0,260510,367201,251758,1,1,0,0.535009811008985,1,0,0,0,0,-0.089347495016142,"Morena","Morena","Retiene"
"299","9.8",65411,61319,0,0,0,0,0,4637,3703,1989,2573,0,144720,282791,139632,1,1,0.46845279019136,1,0,0,0,0,0,"Ambas",0.511756031839769,1,96726,47175,0,0,21992,0,9118,0,0,3887,0,186403,NA,178898,1,1,0,0.540676810249416,1,0,0,0,0,-0.0722240200580557,"Morena","Morena","Retiene"
"300","9.9",59829,46485,0,0,0,7988,4485,4162,4449,1477,3156,0,137791,306258,132031,0,1,0.453143579916838,1,0,0,0,0,0,"Sólo VaXM",0.449918042957245,0,113547,37611,0,0,16751,0,14618,0,0,5740,0,196127,294302,188267,1,1,0,0.603116850005577,1,0,0,0,0,-0.149973270088739,"Morena","Morena","Retiene"
